page	jp	en
Ability_Slot	格闘↑	Melee Up
Ability_Slot	射撃↑	Ranged Up
Ability_Slot	反撃↑	Counter Up
Ability_Slot	ビーム↑	Beam Up
Ability_Slot	実弾↑	Ammo Up
Ability_Slot	念動↑	Nendou Up
Ability_Slot	援攻↑	Support Attack Up
Ability_Slot	装甲↑	Armor Up
Ability_Slot	援防↑	Support Defense Up
Ability_Slot	命中↑	Hit Up
Ability_Slot	回避↑	Dodge Up
Ability_Slot	経験値+	EXP+
Ability_Slot	資金+	Money+
Ability_Slot	修理+	Repair+
Ability_Slot	移動力+	Movement+
Ability_Slot	ブロック	Block
Ability_Slot	バリア+	Barrier+
Ability_Slot	射程+	Range+
Ace_Bonuses	キョウスケ・ナンブ	Kyosuke Nanbu
Ace_Bonuses	エクセレン・ブロウニング	Excellen Browning
Ace_Bonuses	ブルックリン・ラックフィールド	"Brooklyn ""Bullet"" Luckfield"
Ace_Bonuses	クスハ・ミズハ	Kusuha Mizuha
Ace_Bonuses	リュウセイ・ダテ	Ryuusei Date
Ace_Bonuses	ライディース・F・ブランシュタイン	"Raidiese ""Rai"" F. Branstein"
Ace_Bonuses	アヤ・コバヤシ	Aya Kobayashi
Ace_Bonuses	マイ・コバヤシ	Mai Kobayashi
Ace_Bonuses	ヴィレッタ・バディム	Viletta Badam
Ace_Bonuses	テツヤ・オノデラ	Tetsuya Onodera
Ace_Bonuses	エイタ・ナダカ	Eita Nadaka
Ace_Bonuses	アヅキ・サワ	Azuki Sawa
Ace_Bonuses	レフィーナ・エンフィールド	Lefina Enfield
Ace_Bonuses	ショーン・ウェブリー	Sean Webley
Ace_Bonuses	ユン・ヒョジン	Yun Hyojin
Ace_Bonuses	カチーナ・タラスク	Katina Tarask
Ace_Bonuses	ラッセル・バーグマン	Russel Bergman
Ace_Bonuses	タスク・シングウジ	Tasuku Shinguji
Ace_Bonuses	レオナ・ガーシュタイン	Leona Garstein
Ace_Bonuses	レーツェル・ファインシュメッカー	Ratsel Feinschmecker
Ace_Bonuses	ゼンガー・ゾンボルト	Sanger Zonvolt
Ace_Bonuses	ギリアム・イェーガー	Gilliam Yeager
Ace_Bonuses	ユウキ・ジェグナン	Yuuki Jegnan
Ace_Bonuses	リルカーラ・ボーグナイン	"Ricarla ""Carla"" Borgnine"
Ace_Bonuses	コウタ・アズマ	Kouta Azuma
Ace_Bonuses	ショウコ・アズマ	Shouko Azuma
Ace_Bonuses	クルト・ビットナー	Kurt Bittner
Ace_Bonuses	カイ・キタムラ	Kai Kitamura
Ace_Bonuses	ラミア・ラヴレス	Lamia Loveless
Ace_Bonuses	アラド・バランガ	Arado Balanga
Ace_Bonuses	ゼオラ・シュバイツァー	Seolla Schweitzer
Ace_Bonuses	ラトゥーニ・スゥボータ	Latooni Subbota
Ace_Bonuses	シャイン・ハウゼン	Shine Hausen
Ace_Bonuses	イルムガルト・カザハラ	"Irmgard ""Irm"" Kazahara"
Ace_Bonuses	リョウト・ヒカワ	Ryoto Hikawa
Ace_Bonuses	リオ・メイロン	Rio Meilong
Ace_Bonuses	ラーダ・バイラバン	Radha Baibaran
Ace_Bonuses	マサキ・アンドー	Masaki Andou
Ace_Bonuses	リューネ・ゾルダーク	Ryuune Zoldark
Ace_Bonuses	ホワン・ヤンロン	Yang Long Huang
Ace_Bonuses	テュッティ・ノールバック	Tytti Norback
Ace_Bonuses	ミオ・サスガ	Mio Sasuga
Ace_Bonuses	プレシア・ゼノサキス	Precia Zenosakis
Ace_Bonuses	モニカ・グラニア・ビルセイア	Monica Grania Bilseia
Ace_Bonuses	セニア・グラニア・ビルセイア	Xenia Grania Bilseia
Ace_Bonuses	フェイルロード・グラン・ビルセイア	"Feilord ""Feil"" Gran Bilseia"
Ace_Bonuses	ザシュフォード・ザン・ヴァルハレビア	"Zashford ""Zash"" Zan Valhalevia"
Ace_Bonuses	ゲンナジー・I・ゴズイレフ	Gennacy I. Kozilef
Ace_Bonuses	シュウ・シラカワ	Shuu Shirakawa
Ace_Bonuses	サフィーネ・グレイス	Saphine Grace
Ace_Bonuses	トールス・ザン・ゼテキネス	Torres Zan Zetekines
Ace_Bonuses	ゴルド・バゴルド	Gold Bagord
Ace_Bonuses	アイビス・ダグラス	Ibis Douglas
Ace_Bonuses	ツグミ・タカクラ	Tsugumi Takakura
Ace_Bonuses	スレイ・プレスティ	Sleigh Presty
Ace_Bonuses	ラウル・グレーデン	Raul Gurden
Ace_Bonuses	フィオナ・グレーデン	Fiona Gurden
Ace_Bonuses	デスピニス・グレーデン	Despenes Gurden
Ace_Bonuses	ヒューゴ・メディオ	Hugo Medio
Ace_Bonuses	アクア・ケントルム	Aqua Centolm
Ace_Bonuses	ジョシュア・ラドクリフ	Joshua Radcliffe
Ace_Bonuses	クリアーナ・リムスカヤ	"Cliana ""Rim"" Rimskaya"
Ace_Bonuses	グラキエース	Glacies
Ace_Bonuses	ウェントス	Ventus
Ace_Bonuses	イーグレット・イング	Ing Egret
Ace_Bonuses	アリエイル・オーグ	Ariel Org
Ace_Bonuses	リシュウ・トウゴウ	Rishuu Tougou
Ace_Bonuses	アクセル・アルマー	Axel Almer
Ace_Bonuses	アルフィミィ	Alfimi
Ace_Bonuses	ミチル・ハナテン	Michiru Hanaten
Ace_Bonuses	トウマ・カノウ	Touma Kanou
Ace_Bonuses	メキボス	Mekibos
Ace_Bonuses	ククル	Kukuru
Combination_Attacks	S・P	Melee (Ryuu)/Ranged (Rai)/Ranged (Aya)
Combination_Attacks	S・P	Melee
Combination_Attacks	S・P	Melee (Kyou) / Ranged (Exc)
Combination_Attacks	S・P	Melee (Arado) / Ranged (Seolla)
Combination_Attacks	S・P	Melee (Sanger) / Ranged (Ratsel)
Combination_Attacks	S・ALL	Ranged
Full_Upgrade_Bonuses	ハガネ	Hagane
Full_Upgrade_Bonuses	ヒリュウ改	Hiryuu Kai
Full_Upgrade_Bonuses	クロガネ	Kurogane
Full_Upgrade_Bonuses	R-2パワード	R-2 Powered
Full_Upgrade_Bonuses	R-3パワード	R-3 Powered
Full_Upgrade_Bonuses	R-GUNパワード	R-Gun Powered
Full_Upgrade_Bonuses	アルトアイゼン・リーゼ	Alteisen Riese
Full_Upgrade_Bonuses	ライン・ヴァイスリッター	Rein Weissritter
Full_Upgrade_Bonuses	フリッケライ・ガイスト	Flickerei Geist
Full_Upgrade_Bonuses	アッシュ	Ashe
Full_Upgrade_Bonuses	エグゼクスバイン	Ex-Exbein
Full_Upgrade_Bonuses	グルンガスト改	Grungust Kai
Full_Upgrade_Bonuses	グルンガスト零式	Grungust Reishiki
Full_Upgrade_Bonuses	グルンガスト参式	Grungust Sanshiki
Full_Upgrade_Bonuses	龍人機	RyuJinKi
Full_Upgrade_Bonuses	虎龍王/龍虎王	KoRyuOu/RyuKoOu
Full_Upgrade_Bonuses	ダイゼンガー	Dygenguar
Full_Upgrade_Bonuses	アウセンザイター	Aussenseiter
Full_Upgrade_Bonuses	雷凰	Raiou
Full_Upgrade_Bonuses	量産型ゲシュペンストMK-II改	MP Gespenst Mk.II Kai (Green)
Full_Upgrade_Bonuses	アンジュルグ	Angelg
Full_Upgrade_Bonuses	ビルトビルガー	Wildwurger
Full_Upgrade_Bonuses	ビルトファルケン	Wildfalken
Full_Upgrade_Bonuses	ビルドラプター・シュナーベル	Wildraubtier Schnabel
Full_Upgrade_Bonuses	フェアリオン・タイプG	Fairlion Type-G
Full_Upgrade_Bonuses	フェアリオン・タイプS	Fairlion Type-S
Full_Upgrade_Bonuses	量産型ゲシュペンストMK-II改	MP Gespenst Mk.II Kai (Red)
Full_Upgrade_Bonuses	量産型ゲシュペンストMK-II改	MP Gespenst Mk.II Kai (Blue)
Full_Upgrade_Bonuses	ジガンスクード・ドゥロ	Giganscudo Duro
Full_Upgrade_Bonuses	ズィーガーリオン	Siegerlion
Full_Upgrade_Bonuses	サーベラス	Cerberus
Full_Upgrade_Bonuses	サーベラス・イグナイト(G)	Cerberus Ignite (G)
Full_Upgrade_Bonuses	サーベラス・イグナイト(S)	Cerberus Ignite (S)
Full_Upgrade_Bonuses	ガルムレイド	Garmraid
Full_Upgrade_Bonuses	ガルムレイド・ブレイズ(G)	Garmraid Blaze (G)
Full_Upgrade_Bonuses	ガルムレイド・ブレイズ(S)	Garmraid Blaze (S)
Full_Upgrade_Bonuses	エール・シュヴァリアー	Aile Chevalier
Full_Upgrade_Bonuses	ブランシュネージュ	Blanche Neige
Full_Upgrade_Bonuses	ジェアン・シュヴァリアー	Geant Chevalier
Full_Upgrade_Bonuses	デア・ブランシュネージュ	Dea Blanche Neige
Full_Upgrade_Bonuses	フォルテギガス	Forte Gigas
Full_Upgrade_Bonuses	ファービュラリス	Fabularis
Full_Upgrade_Bonuses	ストゥディウム	Stodium
Full_Upgrade_Bonuses	アルテリオン	Altairion
Full_Upgrade_Bonuses	ベガリオン	Vegalion
Full_Upgrade_Bonuses	ハイペリオン	Hyperion
Full_Upgrade_Bonuses	エクサランス・レスキュー	Excellence Rescue
Full_Upgrade_Bonuses	ラーズアングリフ・レイブン	Laz Angriff Raven
Full_Upgrade_Bonuses	ランドグリーズ・レイブン	Randgrith Raven
Full_Upgrade_Bonuses	ヴァイサーガ	Vysaga
Full_Upgrade_Bonuses	ソウルゲイン	Soulgain
Full_Upgrade_Bonuses	アシュセイヴァー	Ashsaviour
Full_Upgrade_Bonuses	ファイター・ロア	Fighter Roar
Full_Upgrade_Bonuses	コンパチブルカイザー	Compatible Kaiser
Full_Upgrade_Bonuses	Gコンパチブルカイザー	G-Compatible Kaiser
Full_Upgrade_Bonuses	Gサンダーゲート	G-Thunder Gate
Full_Upgrade_Bonuses	Gバンカラン	G-Burnkwaran
Full_Upgrade_Bonuses	アーマリオン	Armorlion
Full_Upgrade_Bonuses	AMガンナー	AM Gunner
Full_Upgrade_Bonuses	量産型ゲシュペンストMK-II改	MP Gespenst Mk.II Kai (White)
Full_Upgrade_Bonuses	サイバスター	Cybuster
Full_Upgrade_Bonuses	グランヴェール	Granveil
Full_Upgrade_Bonuses	ガッデス	Gaddess
Full_Upgrade_Bonuses	ザムジード	Zamzeed
Full_Upgrade_Bonuses	ヴァルシオーネ	Valsione
Full_Upgrade_Bonuses	ヴァルシオーネR	Valsione R
Full_Upgrade_Bonuses	グランゾン	Granzon
Full_Upgrade_Bonuses	ウィーゾル	Wuzol
Full_Upgrade_Bonuses	ディアブロ	Diablo
Full_Upgrade_Bonuses	ノルス	Norse
Full_Upgrade_Bonuses	ノルス・レイ	Norse Rei
Full_Upgrade_Bonuses	ジャオーム	Jaohm
Full_Upgrade_Bonuses	ガルガード	Galguard
Full_Upgrade_Bonuses	ブローウェル	Blowel
Full_Upgrade_Bonuses	ルジャノール改	Rujanor Kai
Full_Upgrade_Bonuses	ゲシュペンスト・タイプRV	Gespenst Type-RV
Full_Upgrade_Bonuses	ペルゼイン・リヒカイト	Personlichkeit
Full_Upgrade_Bonuses	グレイターキンII	Graterkin II
Full_Upgrade_Bonuses	マガルガ	Magarga
Full_Upgrade_Bonuses	アルブレード・カスタム	R-Blade Custom
Full_Upgrade_Bonuses	量産型ヒュッケバインMK-II	MP Huckbein Mk.II
Full_Upgrade_Bonuses	F-32Vシュヴェールト改	F-32V Schwert Kai
Mech_Abilities	ABフィールド	AB Field
Mech_Abilities	Eフィールド	E Field
Mech_Abilities	G・ウォール	G Wall
Mech_Abilities	G・テリトリー	G Territory
Mech_Abilities	パッシブ・ビット	Passive Bit
Mech_Abilities	TEスフィア	TE Sphere
Mech_Abilities	ビームコート	Beam Coat
Mech_Abilities	ビーム吸収	Beam Absorb
Mech_Abilities	念動フィールド	TK Field
Mech_Abilities	念動フィールドS	TK Field S
Mech_Abilities	歪曲フィールド	Warp Field
Mech_Abilities	ジャマー	Jammer
Mech_Abilities	分身	After Image
Mech_Abilities	盾装備	Shield Equipped
Mech_Abilities	HP回復 小/中/大	HP Regen S/M/L
Mech_Abilities	EN回復 小/中/大	EN Regen S/M/L
Mech_Abilities	パイロットブロック	Pilot Block
Mech_Abilities	ロボットブロック	Robot Block
Mech_Abilities	フルブロック	Full Block
Mech_Abilities	システムLIOH	System LIOH
Mech_Abilities	修理装置	Repair Device
Mech_Abilities	補給装置	Resupply  Device
Mech_Abilities	変形	Transform
Mech_Abilities	合体	Combine
Mech_Abilities	分離	Seperate
Parts	ブースター	Booster
Parts	メガブースター	Mega Booster
Parts	アポジモーター	Apogee Motor
Parts	サーボモーター	Servo Motor
Parts	バイオセンサー	Bio Sensor
Parts	高性能スラスター	High Mobility Thruster
Parts	高性能電子頭脳	High Spec CPU
Parts	テスラ・ドライブ	Tesla Drive
Parts	テスラ・ドライブS	Tesla Drive S
Parts	スラスターモジュール	Thruster Module
Parts	防塵装置	Dust-proof Device
Parts	スクリューモジュール	Screw Module
Parts	A-アダプター	A-Adapter
Parts	S-アダプター	S-Adapter
Parts	チョバムアーマー	Chobam Armor
Parts	ハイブリッドアーマー	Hybrid Armor
Parts	オリハルコニウム	Orichalconium
Parts	Z.O.アーマー	Z.O. Armor
Parts	大型ジェネレーター	Large Generator
Parts	メガジェネレーター	Mega Generator
Parts	ギガジェネレーター	Giga Generator
Parts	ソーラーパネル	Solar Panel
Parts	ビームコート	Beam Coat
Parts	ABフィールド	AB Field
Parts	G・ウォール	G Wall
Parts	G・テリトリー	G Territory
Parts	ハイパージャマー	Hyper Jammer
Parts	勇者の印	Hero's Mark
Parts	鋼の魂	Steel Soul
Parts	デュアルセンサー	Dual Sensor
Parts	マルチセンサー	Multi Sensor
Parts	高性能照準器	High Spec Targeting Device
Parts	T-LINKセンサー	T-Link Sensor
Parts	一撃必殺の心得	One Hit Sure Kill Knowledge
Parts	高性能レーダー	High Spec Radar
Parts	リペアキット	Repair Kit
Parts	プロペラントタンク	Propellant Tank
Parts	カートリッジ	Cartridge
Parts	スーパーリペアキット	Super Repair Kit
Parts	SPドリンク	SP Drink
Parts	SSPドリンク	SSP Drink
Parts	ハチマキ	Headband
Parts	ねじりハチマキ	Twisted Headband
Pilot_Skills	統率	Leadership
Pilot_Skills	アタッカー	Attacker
Pilot_Skills	インファイト	In Fight
Pilot_Skills	ガンファイト	Gun Fight
Pilot_Skills	SP回復	SP Regen
Pilot_Skills	指揮官	Commander
Pilot_Skills	ラッキー	Lucky
Pilot_Skills	強運	Fortune
Pilot_Skills	天才	Genius
Pilot_Skills	予知	Foresight
Pilot_Skills	念動力	Telekinetic Power (Nendou)
Pilot_Skills	超能力	ESP
Pilot_Skills	援護攻撃	Support Attack
Pilot_Skills	再攻撃	Attack Again
Pilot_Skills	援護防御	Support Defense
Pilot_Skills	リベンジ	Revenge
Pilot_Skills	集中力	Mental (Focus)
Pilot_Skills	SPアップ	SP Up
Pilot_Skills	闘争心	Resolve
Pilot_Skills	戦意高揚	Morale
Pilot_Skills	気力+(回避)	Will+ (Evade)
Pilot_Skills	気力+(命中)	Will+ (Hit)
Pilot_Skills	気力+(ダメージ)	Will+ (Damaged)
Pilot_Skills	気力+(撃破)	Will+ (Destroyed)
Pilot_Skills	気力限界突破	Will Limit Break
Pilot_Skills	カウンター	Counter
Pilot_Skills	連続攻撃	Continuous Attack
Pilot_Skills	連携攻撃	Cooperative Attack
Pilot_Skills	集束攻撃	Focused Attack
Pilot_Skills	Eセーブ	Energy Save
Pilot_Skills	Bセーブ	Bullet Save
Pilot_Skills	EXPアップ	EXP Up
Pilot_Skills	ラーニング	Learning
Pilot_Skills	ヒット&アウェイ	Hit&Away
Pilot_Skills	修理技能	Mechanic
Pilot_Skills	補給技能	Resupply
Pilot_Skills	見切り	Predict
Pilot_Skills	ガード	Guard
Pilot_Skills	底力	Potential
Pilot_Skills	連続行動	Continuous Action
Pilot_Skills	集中力	Focused
Pilot_Spirit	キョウスケ・ナンブ	Kyousuke Nanbu
Pilot_Spirit	集中	Focus
Pilot_Spirit	突撃	Assault
Pilot_Spirit	必中	Sure-Hit
Pilot_Spirit	不屈	Fortitude
Pilot_Spirit	熱血	Hotblood
Pilot_Spirit	エクセレン・ブロウニング	Excellen Browning
Pilot_Spirit	脱力	Exhaust
Pilot_Spirit	ひらめき	Flash
Pilot_Spirit	狙撃	Snipe
Pilot_Spirit	愛	Love
Pilot_Spirit	ブルックリン・ラックフィールド	"Brooklyn ""Bullet"" Luckfield"
Pilot_Spirit	努力	Great Effort
Pilot_Spirit	気合	Yell
Pilot_Spirit	クスハ・ミズハ	Kusuha Mizuha
Pilot_Spirit	鉄壁	Iron Wall
Pilot_Spirit	覚醒	Awaken
Pilot_Spirit	リュウセイ・ダテ	Ryuusei Date
Pilot_Spirit	幸運	Luck
Pilot_Spirit	ライディース・F・ブランシュタイン	"Raidiese ""Rai"" F. Branstein"
Pilot_Spirit	加速	Accel
Pilot_Spirit	直感	Instinct
Pilot_Spirit	直撃	Direct Hit
Pilot_Spirit	アヤ・コバヤシ	Aya Kobayashi
Pilot_Spirit	信頼	Trust
Pilot_Spirit	感応	Inspire
Pilot_Spirit	補給	Resupply
Pilot_Spirit	マイ・コバヤシ	Mai Kobayashi
Pilot_Spirit	激励	Encourage
Pilot_Spirit	ヴィレッタ・バディム	Viletta Badam
Pilot_Spirit	テツヤ・オノデラ	Tetsuya Onodera
Pilot_Spirit	ド根性	Super Guts
Pilot_Spirit	エイタ・ナダカ	Eita Nadaka
Pilot_Spirit	応援	Cheer
Pilot_Spirit	友情	Friendship
Pilot_Spirit	アヅキ・サワ	Azuki Sawa
Pilot_Spirit	偵察	Scan
Pilot_Spirit	てかげん	Mercy
Pilot_Spirit	レフィーナ・エンフィールド	Lefina Enfield
Pilot_Spirit	祝福	Bless
Pilot_Spirit	ショーン・ウェブリー	Sean Webley
Pilot_Spirit	根性	Guts
Pilot_Spirit	ユン・ヒョジン	Yun Hyojin
Pilot_Spirit	カチーナ・タラスク	Katina Tarask
Pilot_Spirit	魂	Soul
Pilot_Spirit	ラッセル・バーグマン	Russel Bergman
Pilot_Spirit	タスク・シングウジ	Tasuku Shinguji
Pilot_Spirit	レオナ・ガーシュタイン	Leona Garstein
Pilot_Spirit	レーツェル・ファインシュメッカー	Ratsel Feinschmecker
Pilot_Spirit	ゼンガー・ゾンボルト	Sanger Zonvolt
Pilot_Spirit	ギリアム・イェーガー	Gilliam Yeager
Pilot_Spirit	ユウキ・ジェグナン	Yuuki Jegnan
Pilot_Spirit	気合	Vigor
Pilot_Spirit	熱血	Hot Blooded
Pilot_Spirit	リルカーラ・ボーグナイン	"Ricarla ""Carla"" Borgnine"
Pilot_Spirit	コウタ・アズマ	Kouta Azuma
Pilot_Spirit	必中	Strike
Pilot_Spirit	ショウコ・アズマ	Shouko Azuma
Pilot_Spirit	クルト・ビットナー	Kurt Bittner
Pilot_Spirit	カイ・キタムラ	Kai Kitamura
Pilot_Spirit	気迫	Drive
Pilot_Spirit	ラミア・ラヴレス	Lamia Loveless
Pilot_Spirit	アラド・バランガ	Arado Balanga
Pilot_Spirit	熱血	HotBlood
Pilot_Spirit	ゼオラ・シュバイツァー	Seolla Schweitzer
Pilot_Spirit	ラトゥーニ・スゥボータ	Latooni Subota
Pilot_Spirit	シャイン・ハウゼン	Shine Hausen
Pilot_Spirit	イルムガルト・カザハラ	"Irmgard ""Irm"" Kazahara"
Pilot_Spirit	リョウト・ヒカワ	Ryoto Hikawa
Pilot_Spirit	リオ・メイロン	Rio Meilong
Pilot_Spirit	ラーダ・バイラバン	Radha Baibaran
Pilot_Spirit	再動	Move Again
Pilot_Spirit	マサキ・アンドー	Masaki Andou
Pilot_Spirit	リューネ・ゾルダーク	Ryuune Zoldark
Pilot_Spirit	努力	Effort
Pilot_Spirit	ホワン・ヤンロン	Yang Long Huang
Pilot_Spirit	テュッティ・ノールバック	Tytti Norback
Pilot_Spirit	ミオ・サスガ	Mio Sasuga
Pilot_Spirit	プレシア・ゼノサキス	Precia Zenosakis
Pilot_Spirit	モニカ・グラニア・ビルセイア	Monica Grania Bilseia
Pilot_Spirit	祈り	Prayer
Pilot_Spirit	セニア・グラニア・ビルセイア	Xenia Grania Bilseia
Pilot_Spirit	フェイルロード・グラン・ビルセイア	"Feilord ""Feil"" Gran Bilseia"
Pilot_Spirit	ザシュフォード・ザン・ヴァルハレビア	"Zashford ""Zash"" Zan Valhalevia"
Pilot_Spirit	ゲンナジー・I・ゴズイレフ	Gennacy I. Kozilef
Pilot_Spirit	ド根性	Guts
Pilot_Spirit	シュウ・シラカワ	Shuu Shirakawa
Pilot_Spirit	サフィーネ・グレイス	Saphine Grace
Pilot_Spirit	トールス・ザン・ゼテキネス	Torres Zan Zetekines
Pilot_Spirit	ゴルド・バゴルド	Gold Bagord
Pilot_Spirit	アイビス・ダグラス	Ibis Douglas
Pilot_Spirit	ツグミ・タカクラ	Tsugumi Takakura
Pilot_Spirit	激励	Enourage
Pilot_Spirit	期待	Expectation
Pilot_Spirit	スレイ・プレスティ	Sleigh Presty
Pilot_Spirit	ラウル・グレーデン	Raul Gurden
Pilot_Spirit	フィオナ・グレーデン	Fiona Gurden
Pilot_Spirit	デスピニス・グレーデン	Despenes Gurden
Pilot_Spirit	ヒューゴ・メディオ	Hugo Medio
Pilot_Spirit	アクア・ケントルム	Aqua Centolm
Pilot_Spirit	ジョシュア・ラドクリフ	Joshua Radcliffe
Pilot_Spirit	クリアーナ・リムスカヤ	"Cliana ""Rim"" Rimskaya"
Pilot_Spirit	グラキエース	Glacies
Pilot_Spirit	ウェントス	Ventus
Pilot_Spirit	イーグレット・イング	Ing Egret
Pilot_Spirit	アリエイル・オーグ	Arieil Org
Pilot_Spirit	リシュウ・トウゴウ	Rishuu Tougou
Pilot_Spirit	アクセル・アルマー	Axel Almer
Pilot_Spirit	覚醒	Awakening
Pilot_Spirit	アルフィミィ	Alfimi
Pilot_Spirit	ミチル・ハナテン	Michiru Hanaten
Pilot_Spirit	トウマ・カノウ	Touma Kanou
Pilot_Spirit	メキボス	Mekibos
Pilot_Spirit	ククル	Kukuru
Spirit_Commands	熱血	Hotblood
Spirit_Commands	ひらめき	Flash
Spirit_Commands	不屈	Fortitude
Spirit_Commands	鉄壁	Iron Wall
Spirit_Commands	集中	Focus
Spirit_Commands	必中	Sure-Hit
Spirit_Commands	感応	Inspire
Spirit_Commands	加速	Accel (Accelerate)
Spirit_Commands	根性	Guts
Spirit_Commands	ド根性	Super Guts
Spirit_Commands	信頼	Trust
Spirit_Commands	友情	Friendship
Spirit_Commands	補給	Resupply
Spirit_Commands	気合	Yell
Spirit_Commands	激励	Encouragement
Spirit_Commands	てかげん	Mercy
Spirit_Commands	狙撃	Snipe
Spirit_Commands	直撃	Direct Hit
Spirit_Commands	偵察	Scan
Spirit_Commands	愛	Love
Spirit_Commands	幸運	Luck
Spirit_Commands	祝福	Bless
Spirit_Commands	努力	Great Effort
Spirit_Commands	応援	Cheer
Spirit_Commands	直感	Instinct
Spirit_Commands	再動	Enable (Move Again)
Spirit_Commands	突撃	Assault
Spirit_Commands	魂	Soul
Spirit_Commands	脱力	Exhaust
Spirit_Commands	期待	Expectation
Spirit_Commands	覚醒	Awaken
Spirit_Commands	気迫	Drive
Spirit_Commands	祈り	Prayer
Spirit_Commands	絆	Bonds
Spirit_Commands	大激励	Huge Encouragement
Spirit_Commands	修行	Training
Spirit_Commands	かく乱	Confusion
Spirit_Commands	強襲	Violent Assault
Spirit_Commands	連撃	Continuous Attack
Spirit_Commands	同調	Alignment
Spirit_Commands	闘志	Fighting Spirit
Spirit_Commands	信念	Belief
Unit_List	Ｒ－１	R-1
Unit_List	Ｒウィング	R-Wing
Unit_List	Ｒ－２パワード	R-2 Powered
Unit_List	Ｒ－３パワード	R-3 Powered
Unit_List	ＳＲＸ	SRX
Unit_List	Ｒ－ＧＵＮパワード	R-Gun Powered
Unit_List	アルブレード・カスタム	R-Blade Custom
Unit_List	ARTウィング	ART-1 / ART-Wing
Unit_List	アルトアイゼン・リーゼ	Alteisen Riese
Unit_List	ライン・ヴァイスリッター	Rein Weissritter
Unit_List	ビルトビルガー	Wildwurger
Unit_List	ビルトファルケン	Wildfalken
Unit_List	ゲシュペンスト・タイプRV	Gespenst Type-RV
Unit_List	量産型ゲシュペンストMk-II改・タイプN	Mass-Production Gespenst Mk-II Kai Type-N
Unit_List	タイプG	Type-G
Unit_List	タイプC	Type-C (Kai)
Unit_List	量産型ゲシュペンストMk-II改・タイプG	Mass-Production Gespenst Mk-II Kai Type-G
Unit_List	タイプN	Type-N
Unit_List	タイプC	Type-C (Katina)
Unit_List	量産型ゲシュペンストMk-II改・タイプC	Mass-Production Gespenst Mk-II Kai Type-C
Unit_List	タイプG	Type-G (Russel)
Unit_List	タイプG	Type-G (Radha)
Unit_List	量産型ヒュッケバインMk-II	Mass-Production Huckebein Mk-II
Unit_List	アッシュ	Ash
Unit_List	エグゼクスバイン	Exexbein
Unit_List	AMガンナー	AM Gunner
Unit_List	ビルトラプター・シュナーベル	Wildraubtier Schnabel
Unit_List	(フライヤーモード)	(Flyer Mode)
Unit_List	グランゾン	Granzon
Unit_List	ヴァルシオーネ	Valsione
Unit_List	ヴァルシオーネR	Valsione R
Unit_List	ズィーガリオン	Siegerlion
Unit_List	アーマリオン	Armorlion
Unit_List	フェアリオン・タイプG	Fairlion Type-G
Unit_List	フェアリオン・タイプS	Fairlion Type-S
Unit_List	アルテリオン	Altairlion
Unit_List	ベガリオン	Vegalion
Unit_List	ハイペリオン	Hyperlion
Unit_List	グルンガスト零式	Grungust Reishiki
Unit_List	グルンガスト改	Grungust Kai
Unit_List	ウィングガスト改	Wing Gust Kai
Unit_List	ガストランダー改	Gust Lander Kai
Unit_List	グルンガスト弐式/Gホーク	Grungust Nishiki / G-Hawk
Unit_List	Gラプター	G-Raptor
Unit_List	Gバイソン	G-Bison
Unit_List	グルンガスト参式	Grungust Sanshiki
Unit_List	ダイゼンガー	DyGenGuar
Unit_List	アウセンザイター	Aussenseiter
Unit_List	雷鳳	RaiOh
Unit_List	ソウルゲイン	Soulgain
Unit_List	アンジュルグ	Angelg
Unit_List	アシュセイヴァー	Ashsaviour
Unit_List	ヴァイサーガ	Vaisaga
Unit_List	ランドグリーズ・レイブン	Randgriz Raven
Unit_List	ラーズアングリフ・レイブン	Razangriff Raven
Unit_List	エクサランス・レスキュー	Excellence Rescue
Unit_List	エール・シュヴァリア	Aile Chevalier
Unit_List	ジェアン・シュヴァリアー	Geant Chevalier
Unit_List	ブランシュネージュ	Blanche Neige
Unit_List	デア・ブランシュネージュ	Dea Blanche Neige
Unit_List	フォルテ・ギガス	Forte Gigas
Unit_List	ファービュラリス	Fabularis
Unit_List	ストゥディウム	Studium
Unit_List	ガルムレイド	Garmraid
Unit_List	サーベラス	Cerberus
Unit_List	ガルムレイド・ブレイズ	Garmraid Blaze
Unit_List	サーベラス・イグナイト	Cerberus Ignite
Unit_List	サイバスター	Cybuster
Unit_List	サイバード	Cybird
Unit_List	ガッデス	Gaddess
Unit_List	グランヴェール	Granveil
Unit_List	ザムジード	Zamzeed
Unit_List	ディアブロ	Diablo
Unit_List	ガルガード	Galguard
Unit_List	ジャオーム	Jaohm
Unit_List	ルジャノール改	Lujanor Kai
Unit_List	ブローウェル	Blowell
Unit_List	ノルス	Norse
Unit_List	ノルス・レイ	Norse Ray
Unit_List	ウィーゾル	Wizol
Unit_List	龍王機	RyuOhKi
Unit_List	虎王機	KoOhKi
Unit_List	龍人機	RyuJinKi
Unit_List	龍虎王	RyuKoOh
Unit_List	虎龍王	KoRyuOh
Unit_List	ジガンスクード・ドゥロ	Giganscudo Duro
Unit_List	コンパチブルカイザー	Compatible Kaiser
Unit_List	Gサンダーゲート	G-Thundergate
Unit_List	Gコンパチブルカイザー	G-Compatible Kaiser
Unit_List	Gバンカラン	G-Bankaran
Unit_List	フリッケライ・ガイスト	Flickerei Geist
Unit_List	ペルゼイン・リヒカイト	Person-Lichkeit
Unit_List	マガルガ	Magaruga
Unit_List	ヒリュウ改	Hiryuu Kai
Unit_List	ハガネ	Hagane
Unit_List	クロガネ	Kurogane
Unit_List	シュヴェールト改	F-32V Schwert Kai
Weapon_List	コールドメタルナイフ	Cold Metal Knife
Weapon_List	ビームソード	Beam Sword
Weapon_List	ネオ・プラズマカッター	Neo Plasma Cutter
Weapon_List	アサルトブレード	Assault Blade
Weapon_List	シザーズナイフ	Scissors Knife
Weapon_List	ディバイン・アーム	Divine Arm
Weapon_List	ロシュセイバー	Rochesaber
Weapon_List	レーザーブレード	Laser Blade
Weapon_List	ネオ・チャクラムシューター	Neo Chakram Shooter
Weapon_List	ブーストハンマー	Boost Hammer
Weapon_List	シシオウブレード	Shishiou Blade
Weapon_List	Ｇ・インパクトステーク	G-Impact Stake
Weapon_List	M950マシンガン	M950 Machinegun
Weapon_List	G・リボルヴァー	G. Revolver
Weapon_List	M13ショットガン	M13 Shotgun
Weapon_List	メガ・ビームライフル	Mega Beam Rifle
Weapon_List	フォトン・ライフルS	Photon Rifle S
Weapon_List	フォトン・ライフル	Photon Rifle
Weapon_List	バースト・レールガン	Burst Railgun
Weapon_List	G・レールガン	G. Railgun
Weapon_List	スラッシュ・リッパー	Slash Ripper
Weapon_List	ハイパー・ビームキャノン	Hyper Beam Cannon
Weapon_List	ブーステッド・ライフル	Boosted Rifle
Weapon_List	マグナ・ビームライフル	Magna Beam Rifle
Weapon_List	M90アサルトマシンガン	M90 Assault Machinegun
Weapon_List	ツイン・マグナライフル	Twin Magna Rifle
Weapon_List	レクタングル・ランチャー	Rectangle Launcher
Weapon_List	ガンレイピア	Gun Rapier
Weapon_List	リープ・スラッシャー	Reap Slasher
Weapon_List	リニアミサイルランチャー	Linear Missile Launcher
Weapon_List	ハイパー・ビームライフルS	Hyper Beam Rifle S
Weapon_List	ステルス・ブーメラン	Stealth Boomerang
Weapon_List	MTDMシューター	MTDM Shooter
Weapon_List	グラビトン・ランチャー	Graviton Launcher
Weapon_List	フリー・エレクトロン・キャノン	Free Electron Cannon
Weapon_List	エナジーテイカー	Energy Taker
Weapon_List	エナジードレイン	Energy Drain
Weapon_List	スピリットテイカー	Spirit Taker
Weapon_List	マインドブラスト	Mind Blast
Weapon_List	スピリットドレイン	Spirit Drain
Weapon_List	エナジーテイカー+	Energy Taker +
Weapon_List	エナジードレイン+	Energy Drain +
Weapon_List	スピリットテイカー+	Spirit Taker +
Weapon_List	ウェポンブレイカー	Weapon Breaker
Weapon_List	アーマーブレイカー	Armor Breaker
Weapon_List	スパイダーネット	Spider Net
Weapon_List	スパイダーネット	Chaff Grenade
Weapon_List	修理装置	Repair Device
Weapon_List	補給装置	Resupply Device
