jp	en	unit	game	notes
	Vulcan Cannon	R-1	both	Akurasu OGs Mech DB (R Series)
	T-Link Knuckle	R-1	both	Combination page writes "T-LINK Knuckle"
	T-Link Sword	R-1	both	
フォーメーションR	R-Formation	R-1/R-2 Powered/R-3 Powered	both	Combination; OGG Combination page "Formation R"
	Homing Missile	R-Wing	both	
	G-Revolver Cannon	R-Wing	both	
	Beam Chakram	R-2 / R-2 Powered	both	
	Hi-Zol Launcher (Spread)	R-2 Powered	both	OGG page "Hi-Zol Launcher (ALL Ver)"
	Hi-Zol Launcher (Focused)	R-2 Powered	both	
	TK Laser Cannon	R-3 / R-3 Powered	both	
	Strike Shield	R-3 / R-3 Powered	both	
	Telekinesis Missile	R-3 Powered	both	
	Beam Katars	R-Gun	OGs	
	Metal Genocider	R-Gun	OGs	
	T-Link Boomerang	R-Gun Powered	both	
	Hi-Twin Launcher	R-Gun Powered	both	
天上天下一撃必殺砲	Unstoppable HTB Cannon	SRX + R-Gun Powered	both	Combination; Mech DB lists as "HTB Cannon (Viletta)/(Mai)"; OGG page "HTB Cannon"
	Hi-Finger Launcher	SRX	both	
	Gaun Genocider	SRX	both	
	Blade Kick	SRX	both	
	Dominion Ball	SRX	both	
	Unstoppable Supreme Sword	SRX	both	
天上天下念動爆砕剣	Unstoppable TK Burst Slash	SRX	both	OGG page gives romaji "Tenjou Tenge Nendou Bakusai Ken"
	Blade Tonfa	R-Blade	both	
	Cold Metal Blade	ART-1	both	
	HG Revolver	ART-1	both	
	Boosted Rifle H	ART-1	both	
	T-Link Blade Knuckle	ART-1	both	
	T-Link Crusher Sword	ART-1	both	
	HG Revolver Cannon	ART-Wing	both	
天上天下念動連撃剣	Tenjou Tenge Nendou Rengeki Ken	R-1 + ART-1	OGG	Combination; Akurasu OGG gives romaji only (see gaps.md)
	3-Barrel Machine Cannon	Alteisen	OGs	
	Heat Horn	Alteisen	OGs	
	Revolver Stake	Alteisen	OGs	Combination page "Revolving Stake"
	Heavy Claymore	Alteisen	OGs	
	Trump Card	Alteisen	OGs	
ランページ・ゴースト	Rampage Ghost	Alteisen (Riese) + Weissritter (Rein)	both	Combination
	5-Barrel Chaingun	Alteisen Riese	both	
	Plasma Horn	Alteisen Riese	both	
	Revolver Bunker	Alteisen Riese	both	Combination page "Revolving Bunker"
	Claymore Avalanche	Alteisen Riese	both	OG2nd page "Avalanche Claymore"
	Aerial Claymore	Alteisen Riese	both	
	Split Missile	Weissritter	OGs	
	Triple Beam Cannon	Weissritter / Rein Weissritter	both	
	Oxtongue Launcher E	Weissritter	OGs	
	Oxtongue Launcher B	Weissritter	OGs	
	Oxtongue Launcher W	Weissritter	OGs	
	Howling Launcher E	Rein Weissritter	both	
	Howling Launcher B	Rein Weissritter	both	
	Howling Launcher X	Rein Weissritter	both	
	Split Missile	MP Gespenst Mk-II	both	
	Jet Magnum	MP Gespenst Mk-II	both	
	Jet Magnum S	MP Gespenst Mk-II Kai	OGG	Akurasu OGG Flow Chart mentions "Jet Magnum S"
	T-Link Ripper	Gespenst Mk-II Type TT	OGs	
	Split Missile	Gespenst Mk-II Type R	both	
	Twin Beam Cannon	Schutzwald	both	
	Hyper Beam Rifle	Wildraubtier	both	
	AtA Homing Missiles	Wildraubtier (FM)	both	
	AtG Homing Missiles	Wildraubtier (FM)	both	
	Low Altitude Bomb	Wildraubtier (FM)	both	
	HBR Under-Cannon	Wildraubtier (FM)	both	
	Circle Zanber	Wildschwein	both	
	Plasma Cutter	Gespenst Type R	OGs	
	Neutron Beam	Gespenst Type R	OGs	
	Mega Plasma Cutter	Gespenst Mk-II Type S / Type RV	both	
	Mega Blaster Cannon	Gespenst Mk-II Type S	both	
	Ultimate! Gespenst Kick	Gespenst Mk-II Type S	both	OGs2 onward
	Vampir Laser	Gespenst Type RV	both	
	Mega Buster Cannon	Gespenst Type RV	both	
	Chakram Shooter	Huckebein Mk-II / Mk-II Trombe	both	
	G-Impact Cannon	Huckebein Mk-II / AM Gunner	both	
	Black Hole Cannon	Huckebein 008L / Huckebein	both	
	Multi-Trace Missiles	Huckebein Mk-III	both	
	Fang Slasher	Huckebein Mk-III / Boxer / Trombe	both	
	Graviton Rifle	Huckebein Mk-III / Gunner / Boxer	both	
	Homing Missiles	AM Gunner	both	
	Leap Missiles	AM Gunner / Huckebein Gunner	both	
	Full-Impact Cannon	Huckebein Gunner	both	
	Geist Knuckle	Huckebein Boxer	both	
	G-Sword Diver	Huckebein Boxer	both	
	Stunshock	Wildwurger Type-L	both	Status Effects page "Stun Shock"
	3-Barrel Gatling Gun	Wildwurger	both	OG2nd page "3 Barrel Gatling Cannon"
	M90 Assault Machine Gun	Wildwurger	both	
	Cold Metal Sword	Wildwurger	both	
	Stag Beetle Crusher	Wildwurger	both	
	Shrike's Beak	Wildwurger	both	OG2nd page "Victim Beak"
ツインバードストライク	Twin Bird Strike	Wildwurger + Wildfalken	both	Combination
	Split Missile H	Wildfalken	both	
	Oxtongue Rifle E	Wildfalken	both	
	Oxtongue Rifle B	Wildfalken	both	
	Oxtongue Rifle W	Wildfalken	both	
	Boost Knuckle	Grungust / Type 0 / Type 2	both	
	Final Beam	Grungust	both	
	Eclipse Slash	Grungust	both	
	Calamity Slash	Grungust	both	
	Big Missile	Gust Lander / Wing Gust	both	
	Omega Cannon	Gust Lander	both	
	Drill Attack	Gust Lander	both	
	Double Omega Laser	Wing Gust	both	
	Spiral Attack	Wing Gust / G-Hawk	both	
	Armor Breaker	Grungust Type 0 / Type 3	both	Also an equippable special weapon
	Hyper Blaster	Grungust Type 0	both	
	Type 0 Colossal Blade	Grungust Type 0	both	
	Eye-Solid Laser	Grungust Type 2 / Type 3	both	
	Maxiblaster	Grungust Type 2	both	
	Torment Blade	Grungust Type 2	both	
	Drill Boost Knuckle	Grungust Type 3	both	
	Omega Blaster	Grungust Type 3	both	
	Type 3 Colossal Blade	Grungust Type 3 (Sanger)	OGs	Combination page romaji "Sanshiki Zankantou"
	Type 3 Shishioh Blade	Grungust Type 3 (OGs2.5/OGG)	both	
	Flashing Blade	DyGenGuar	both	
	Giant Swing	DyGenGuar	both	
	Lightning Slash	DyGenGuar	both	
	Flame Cloud Sword	DyGenGuar	both	OGG Combination page "Colossal Storm (Zankantou Unyou no Tachi)"
竜巻斬艦刀	Tornado Blade	DyGenGuar + Aussenseiter	both	Combination; OGs Combination page "Tornado Zankanto"; OGG page "Tornado Blade" (see gaps.md)
	Schulterplatte	Aussenseiter	both	
	Lanzenkanone	Aussenseiter	both	
	Lanzenkanone W	Aussenseiter	both	
	Sturmangriff	Aussenseiter	both	OGG page "Sturm Angriff"
	Machine Cannon	Lion Type F / Guarlion / Siegerlion / Astelion	both	
	Homing Missile	Lion Type F / Calion	both	
	Railgun	Lion Type F	both	
	Split Beam	Armorlion	both	
	Roche Saber	Armorlion	both	Also equippable weapon
	Square Cluster	Armorlion	both	
	Hard Heat Horn	Armorlion	both	
	Sonic Boost Kick	Armorlion	both	
	Sonic Breaker	Guarlion / Guarlion Custom / Astelion	both	
	Blade Railgun	Siegerlion	both	
	Sonic Acceleration	Siegerlion	both	
	Sonic Cutter	Calion	both	
	G-Driver	Calion	both	
	RaMVs Maneuver	Astelion	OGs	
	GRaMDs Maneuver	Astelion AX	both	OGG Flow Chart "Manuevers GRaMDS"
	Roll Cannon	Fairlion	both	
	Vostok Laser	Fairlion	both	
	Sonic Driver	Fairlion	both	
ロイヤルハートブレイカー	Royal Heart Breaker	Fairlion S + Fairlion G	both	Combination; Akurasu heading "Royal Heartbreaker"
	G-Circle Blaster	Giganscudo / Duro	both	
	Gigante Knuckle	Giganscudo	OGs	Duro page "Gigant Knuckle"
	Sheath Thunder	Giganscudo	OGs	
	Giga-Wide Blaster	Giganscudo / Duro	both	
	Gigante Uragano	Giganscudo	OGs	
	Weapon Breaker	Giganscudo Duro / Shirogane	both	Also equippable special weapon
	Gigante Unghia	Giganscudo Duro	both	
	Caloric Missile	Cybuster / Cybird	both	
	Cyflash	Cybuster / Cybird	both	
	High Familiar	Cybuster / Cybird	both	
	Discutter	Cybuster	both	
	Akashic Buster	Cybuster	both	
	Cosmo Nova	Cybuster	both	
	Beam Cannon	SF-29 Rangzen	OGs	
	Psychoblaster	Valsione	both	
	Cross Smasher	Valsione / Valsion Custom	both	
	Energy Drain	Valsion Custom	both	
	Chaff Grenade	Valsion Custom / battleships	both	
	Divine Arm	Valsion Custom	both	OGG Weapon List "Divine Blade"
	Bakuraifu	RyuKoOh	both	
	Magma Vassal	RyuKoOh	both	
	Mountain Pressure	RyuKoOh	both	
	Dragoon Blade	RyuKoOh	both	
	Wrathcleaver	RyuKoOh	both	
	Tiger Knuckle	KoRyuOh	both	
	Random Spike	KoRyuOh	both	
	Sonic Javelin	KoRyuOh	both	
	Tyrant Overbreak	KoRyuOh	both	
	Solid Vulcan	Argent Fighter	both	
	Grenade Attacker	Argent Fighter	both	
	Beam Shot	Argent Fighter	both	
	Solid Laser	Argent Head	both	
	Plasma Beam	Excellence Striker	both	
	Smashing Kick	Excellence Striker	both	
	Chest Smasher	Excellence Striker	both	
	Crusher Arm	Excellence Striker	both	
	Gigant Crusher Arm	Excellence Striker	both	
	Machine Cannon	Excellence Flyer / Cosmo-Driver	both	
	Plasma Sword	Excellence Flyer	both	
	Destruction Rifle	Excellence Flyer	both	
	D-Rifle MAX Mode	Excellence Flyer	both	
	Hi-Coat Magnum	Excellence Cosmo-Driver	both	
	High-Frequency Sword	Excellence Cosmo-Driver	both	
	Faeries	Excellence Cosmo-Driver	both	
	Overbeam	Compatible Kaiser	both	
	Spiral Knuckle	Compatible Kaiser	both	
	Kaiser Boomerang	Compatible Kaiser	both	
	Kaiser Burst	Compatible Kaiser	both	
	Kaiser Tornado	Compatible Kaiser	both	
	Micro Missile	Mironga	both	
	TBG Missile	Mironga	both	
	Beam Sword	Mironga	both	
	Straight Machine Gun	Mironga	both	
	End Breaker	Mironga	both	
	AA Machine Gun	Hiryu Custom / Hagane / Kurogane / Shirogane	both	
	Homing Missile	battleships	both	
	Anti-Ship Missile	Hiryu Custom / Razangriff Raven	both	
	Multi-Beam Cannon	Hiryu Custom	both	
	Hypergravity Impact Cannon	Hiryu Custom	both	
	Torpedoes	Hagane / Kurogane / Shirogane	both	
	Secondary Batteries	Hagane / Kurogane / Shirogane	both	
	Impact Cannons	Hagane / Kurogane / Shirogane	both	
	Tronium Buster Cannon	Hagane	both	
	Giant Rotating Ram	Kurogane	both	
	Spider Net	Shirogane	OGs	Also equippable special weapon
	Shadow Lancer	Angelg	both	
	Mirage Sword	Angelg	both	
	Illusion Arrow	Angelg	both	
	Mirage Sign	Angelg	both	
	Phantom Phoenix	Angelg	both	
	Blazer Knives	Vaisaga	both	
	Tidal Claws	Vaisaga	both	
	Seismic Slicer	Vaisaga	both	
	Storm Edge	Vaisaga	both	
	Radiant Blade	Vaisaga	both	
	Fire Dagger	Ashsaviour	both	
	Halberd Launcher	Ashsaviour	both	
	Swordbreakers	Ashsaviour	both	
	Phalanx Missiles	Razangriff / Randgriz	both	
	Matrix Missiles A	Razangriff / Randgriz	both	
	Matrix Missiles M	Randgriz Raven	both	
	F-Solid Bazooka	Razangriff	both	
	Heavy Linear Rifle	Razangriff Raven	both	
	Twin Solid Cannons	Razangriff Raven	both	
	Charged Particle Beam	Razangriff Raven	both	
	Linear Cannon	Randgriz	both	
	Linear Rifle	Randgriz Raven	both	
	Twin Linear Cannons	Randgriz Raven	both	
	Kishin Mougeki Ken	Ialdabaoth	OGG	Akurasu OGG Flow Chart romaji only (see gaps.md)
	Gouha Kishin Ken	Ialdabaoth (Shinka)	OGG	Akurasu OGG Flow Chart romaji only (see gaps.md)
コールドメタルナイフ	Cold Metal Knife	equippable	both	OGs Weapon List; OGG Weapon List "Cold Steel Knife"
ビームソード	Beam Sword	equippable	both	
ネオ・プラズマカッター	Neo Plasma Cutter	equippable	both	
シザースナイフ	Scissor Knife	equippable	both	
アサルトブレード	Assault Blade	equippable	both	
ディバイン・アーム	Divine Arm	equippable	both	OGG Weapon List "Divine Blade"
レーザーブレード	Laser Blade	equippable	both	
ロシュセイバー	Roche Saber	equippable	both	
ブーストハンマー	Boost Hammer	equippable	both	
ネオ・チャクラムシュータ	Neo Chakram Shooter	equippable	both	
シシオウブレード	Shishioh Blade	equippable	both	
G・インパクトステーク	G-Impact Stake	equippable	both	OGG Weapon List "G. Impact Stake"
M950マシンガン	M950 Machine Gun	equippable	both	OGG "M950 Machinegun"
G・リボルヴァー	G-Revolver	equippable	both	OGG "G. Revolver"
M13ショットガン	M13 Shotgun	equippable	both	
メガ・ビームライフル	Mega Beam Rifle	equippable	both	
フォトン・ライフル	Photon Rifle	equippable	both	
バースト・レールガン	Burst Railgun	equippable	both	
スラッシュ・リッパー	Slash Ripper	equippable	both	
G・レールガン	G-Railgun	equippable	both	OGG "G. Railgun"
ハイパー・ビームキャノン	Hyper Beam Cannon	equippable	both	
ブーステッド・ライフル	Boosted Rifle	equippable	both	
マグナ・ビームライフル	Magna Beam Rifle	equippable	both	
M90アサルトマシンガン	M90 Assault Machine Gun	equippable	both	OGG "M90 Assault Machinegun"
ツイン・マグナライフル	Twin Magna Rifle	equippable	both	
レクタングル・ランチャー	Rectangular Launcher	equippable	both	OGG "Rectangle Launcher"
ガンレイピア	Gun Rapier	equippable	both	
リープ・スラッシャー	Leap Slasher	equippable	both	OGG "Rip Slasher"
リニアミサイルランチャー	Linear Missile Launcher	equippable	both	
ステルス・ブーメラン	Stealth Boomerang	equippable	both	
グラビトン・ランチャー	Graviton Launcher	equippable	both	
エナジーテイカー	Energy Taker	equippable special	both	
エナジードレイン	Energy Drain	equippable special	both	
スピリットテイカー	Spirit Taker	equippable special	both	
マインドブラスト	Mind Blast	equippable special	both	
スピリットドレイン	Spirit Drain	equippable special	both	
エナジーテイカー+	Energy Taker+	equippable special	both	
エナジードレイン+	Energy Drain+	equippable special	both	
スピリットテイカー+	Spirit Taker+	equippable special	both	
ウェポンブレイカー	Weapon Breaker	equippable special	both	
スパイダーネット	Spider Net	equippable special	both	
アーマーブレイカー	Armor Breaker	equippable special	both	
チャフグレネード	Chaff Grenade	equippable special	both	
修理装置	Repair Module	equippable special	both	
補給装置	Resupply Module	equippable special	both	OGG Weapon List "Supply Module"
