jp	en	notes
地球連邦軍	Earth Federation Army	Akurasu Story page uses "Earth Federation Military (EFM)" and "Earth Federation"; zoneofheroics "Earth Federation Army (EFA)" (see gaps.md)
地球連邦政府	Earth Federation Government	
コロニー統合軍	United Colony Corps	Akurasu Enemy DB; Mech List "Colony Integration Army"; abbreviated UCC
ディバイン・クルセイダーズ	Divine Crusaders	Abbreviated DC
ノイエDC	Neo DC	Akurasu Enemy DB/Story "Neo DC"; Mech List "Neue DC"; Timetable "Neo DC"
エアロゲイター	Aerogators	Akurasu Enemy DB/Story "Aerogators"; zoneofheroics "Aerogaters"
インスペクター	Inspectors	
シャドウミラー	Shadow Mirror	
アースクレイドル	Earth Cradle	
スクール	The School	
アインスト	Einst	
リクセント公国	Principality of Riksent	
ODEシステム	ODE System	
修羅	Shura	Akurasu Enemy DB "Shura"; OGG Mech List "Shurashin"; Flow Chart "Ashura"
修羅界	Shura realm	English not attested on Akurasu (see gaps.md)
デュミナス	Duminas	Faction heading on Enemy DB
ゲシュタルト	Gestalt	JP OGG unit list heading (Bartoll/Mironga); English not attested (see gaps.md)
ツェントル・プロジェクト	Tsentr Project	Akurasu Story page
マシンナリー・チルドレン	Machinery Children	
ブーステッド・チルドレン	Boosted Children	Timetable scenario title "Boosted Children"
	Advanced Children	Story page
	Aggressors	Special Tactical Fighter Training Squad
	NID4	
	EOT Council	Extra-Over Technology
	EOTI Organization	Extra Over Technology Inquiry Organization; zoneofheroics "EOT Investigative Committee"
	Isurugi Industries	
マオ社	Mao Industries	
テスラ・ライヒ研究所	Tesla Reich Institute	"Tesla Lab" short form
	Advanced Neuroscience Institute	
	Lost Technology Research (LTR) Institute	
	Wong Heavy Industries	Story page (OGG)
	Ze Balmary Empire	Story page; "Balmarians"
	Zuvork collective	Story page
	Privy Council	Story page
	Guests	Story page
	Branstein family	
	Treue Unit	Story page; zoneofheroics prefers "Treue" over GBA "Troye"
	Octo Team	Story page; Battle Quotes "Octopus Squad"
SRXチーム	SRX Team	
ATXチーム	ATX Team	
	PTX Team	
	Team TD	
	Team Double Umlaut	
	Crywolves	Story page
	Beowulves	Story page
鋼龍戦隊	Steel Dragons	Story page "Steel Dragons (Steel Dragon Squadron)"
	Project SRX / Project ATX / Project TD	Story page
	Project Aegis	
	Project Ark	
	Hagane	Ship
	Hiryu	Ship
	Hiryu Custom	Ship
	Shirogane	Ship
	Kurogane	Ship
	Macht	Ship
	Space Noah-class	Battleship class
	Earth Sphere	Location
	Lagrange 5 (L5)	Location
	Aidoneus Island	Location
	Elpis	Location
	Geneva	Location
	Riksent	Location
	Orleans	Mao plant
	Chiyou Mound	Location
	Pillbox 1	Location
	Izu Base	Location
	Langley Base	Location
	Hickam Base	Location
	Moon Cradle	Location
	Nevi'im (White Star)	Location
	Skullhead	Location
	Hellgate	Location (OGG era, Story page)
	Dalian	Location
	La Gias	Masou Kishin underworld; Battle Quotes heading "La Gias"
	Transport - Hangar	camd11 OGG patch location banner sample
	Meteor 3	zoneofheroics only
	Far East Brigade	zoneofheroics only
