category	jp	en	match	glossary_jp	notes	signed
pilot	マサキ	Masaki	first-name	マサキ・アンドー	short name; full: Masaki Andoh	
pilot	リューネ	Lüne	first-name	リューネ・ゾルダーク	short name; full: Lüne Zoldak	
pilot	ヤンロン	Yang Long	none		"akurasu; OG2nd/Masoukishin pages ""Hwang Yang Long""; short name"	
pilot	テュッティ	Tytti	none		"akurasu; Masoukishin ""Tytti Norbäck""; OG2nd ""Tytti Norbuck""; short name"	
pilot	ミオ	Mio	none		akurasu; Mio Sasuga; short name	
pilot	プレシア	Presia	none		"akurasu; OG2nd ""Presia Zenosakis""; Masoukishin ""Presia Xenosakis""; short name"	
pilot	ゲンナジー	Gennady	none		"akurasu; Masoukishin ""Gennady I. Kozyrev""; OG2nd typo ""Gennacy""; short name"	
pilot	フェイル	Feil	none		"akurasu; Feilord ""Feil"" Gran Bilseia (OG2nd); Masoukishin ""Vilsaer"""	
pilot	セニア	Xenia	none		"akurasu; OG2nd ""Xenia Grania Bilseia""; Masoukishin spells ""Cenia"""	
pilot	モニカ	Monica	none		akurasu; Monica Grania Bilseia (OG2nd)	
pilot	テリウス	Tellius	none		"akurasu?; Masoukishin ""Tellius Gran Vilsaer""; no OG2nd spelling found"	
pilot	シュウ	Shu	first-name	シュウ・シラカワ	short name; full: Shu Shirakawa	
pilot	サフィーネ	Saphine	none		akurasu; Saphine Grace / Zeola Volkruss (Masoukishin, OG2nd)	
pilot	トールス	Torres	none		akurasu; Torres Zan Zetekines (OG2nd)	
pilot	アハマド	Ahmad	none		"akurasu; Masoukishin ""Ahmad Hamdi"""	
pilot	エリス	Eris	none		"akurasu; OG2nd ""Eris Radius""; Masoukishin ""Ellis"""	
pilot	カークス	Kirkus	none		"akurasu; Kirkus Zan Valfarbia (OG2nd); Masoukishin ""Valhalevia"""	
pilot	ザッシュ	Zash	none		"akurasu; Zashford ""Zash"" (OG2nd/Masoukishin)"	
pilot	ロドニー	Rodney	none		akurasu; Rodney Jesh/Jesha	
pilot	ガテゼルク	Gatezeruku	none		romanized?; no source found for this name; Hepburn	
pilot	ジョグ	Jorg	none		"akurasu?; Masoukishin ""Canzort Jorg"" (Stedonius Alliance); not certain this is the same person"	
pilot	オールト	Oort	none		romanized?; no source; katakana loanword	
pilot	ゴドル	Godol	none		romanized?; no source	
pilot	ゴルド	Gold	none		"akurasu; OG2nd ""Gold Bagold""; Masoukishin Unit/Series ""Gold Bagord"""	
pilot	ザレス	Zales	none		romanized?; no source	
pilot	ディック	Dick	none		romanized; katakana loanword	
pilot	ザンボス	Zambos	none		romanized?; no source	
pilot	ミラ	Mira	none		romanized; katakana loanword	
pilot	ラテル	Ratel	none		romanized?; no source	
pilot	リシェル	Richel	none		romanized?; no source	
pilot	リッジ	Ridge	none		romanized; katakana loanword	
pilot	レスリー	Leslie	none		romanized; katakana loanword	
pilot	ルオゾール	Luozorl	none		"akurasu; Masoukishin ""Luozorl Zoran Zoiel"""	
pilot	キョウスケ	Kyosuke	first-name	キョウスケ・ナンブ	short name; full: Kyosuke Nanbu	
pilot	エクセレン	Excellen	first-name	エクセレン・ブロウニング	short name; full: Excellen Browning	
pilot	ブリット	Bullet	none		"canon pilots.tsv ブルックリン・ラックフィールド (nickname ""Bullet"")"	
pilot	クスハ	Kusuha	first-name	クスハ・ミズハ	short name; full: Kusuha Mizuha	
pilot	リュウセイ	Ryusei	first-name	リュウセイ・ダテ	short name; full: Ryusei Date	
pilot	ライ	Rai	none		"canon pilots.tsv ライディース・F・ブランシュタイン (nickname ""Rai"")"	
pilot	アヤ	Aya	first-name	アヤ・コバヤシ	short name; full: Aya Kobayashi	
pilot	マイ	Mai	first-name	マイ・コバヤシ	short name; full: Mai Kobayashi	
pilot	ヴィレッタ	Viletta	first-name	ヴィレッタ・バディム	short name; full: Viletta Badim	
pilot	イルム	Irm	none		"canon pilots.tsv イルムガルト・カザハラ (nickname ""Irm"")"	
pilot	リョウト	Ryoto	first-name	リョウト・ヒカワ	short name; full: Ryoto Hikawa	
pilot	リオ	Rio	first-name	リオ・メイロン	short name; full: Rio Meilong	
pilot	テツヤ	Tetsuya	first-name	テツヤ・オノデラ	short name; full: Tetsuya Onodera	
pilot	エイタ	Eita	first-name	エイタ・ナダカ	short name; full: Eita Nadaka	
pilot	アヅキ	Azuki	none		"akurasu; OG2nd Series ""Azuki Sawa"""	
pilot	タスク	Tasuku	first-name	タスク・シングウジ	short name; full: Tasuku Shinguji	
pilot	レオナ	Leona	first-name	レオナ・ガーシュタイン	short name; full: Leona Garstein	
pilot	カチーナ	Katina	first-name	カチーナ・タラスク	short name; full: Katina Tarrasque	
pilot	ラッセル	Russel	first-name	ラッセル・バーグマン	short name; full: Russel Bergman	
pilot	レフィーナ	Lefina	first-name	レフィーナ・エンフィールド	short name; full: Lefina Enfield	
pilot	ショーン	Sean	first-name	ショーン・ウェブリー	short name; full: Sean Webley	
pilot	ユン	Eun	first-name	ユン・ヒョジン	short name; full: Eun Hyojin	
pilot	カイ	Kai	first-name	カイ・キタムラ	short name; full: Kai Kitamura	
pilot	ラミア	Lamia	first-name	ラミア・ラヴレス	short name; full: Lamia Loveless	
pilot	アラド	Arado	first-name	アラド・バランガ	short name; full: Arado Balanga	
pilot	ゼオラ	Seolla	first-name	ゼオラ・シュバイツァー	short name; full: Seolla Schweizer	
pilot	ラトゥーニ	Latune	first-name	ラトゥーニ・スゥボータ	short name; full: Latune Subbota	
pilot	アイビス	Ibis	first-name	アイビス・ダグラス	short name; full: Ibis Douglas	
pilot	ツグミ	Tsugumi	first-name	ツグミ・タカクラ	short name; full: Tsugumi Takakura	
pilot	スレイ	Sleigh	first-name	スレイ・プレスティ	short name; full: Sleigh Presty	
pilot	ゼンガー	Sänger	first-name	ゼンガー・ゾンボルト	short name; full: Sänger Sombold	
pilot	レーツェル	Rätsel	first-name	レーツェル・ファインシュメッカー	short name; full: Rätsel Feinschmecker	
pilot	ユウキ	Yuuki	first-name	ユウキ・ジェグナン	short name; full: Yuuki Jegunan	
pilot	カーラ	Carla	none		"canon pilots.tsv リルカーラ・ボーグナイン (nickname ""Carla"")"	
pilot	ギリアム	Gilliam	first-name	ギリアム・イェーガー	short name; full: Gilliam Jaeger	
pilot	リシュウ	Rishu	first-name	リシュウ・トウゴウ	short name; full: Rishu Togo	
pilot	ラーダ	Radha	first-name	ラーダ・バイラバン	short name; full: Radha Bairaban	
pilot	シャイン	Shine	first-name	シャイン・ハウゼン	short name; full: Shine Hausen	
pilot	リン	Ling	first-name	リン・マオ	short name; full: Ling Mao	
pilot	ラウル	Raul	first-name	ラウル・グレーデン	short name; full: Raul Gureden	
pilot	フィオナ	Fiona	first-name	フィオナ・グレーデン	short name; full: Fiona Gureden	
pilot	デスピニス	Despinis	exact	デスピニス		
pilot	コウタ	Kota	first-name	コウタ・アズマ	short name; full: Kota Azuma	
pilot	ショウコ	Shouko	first-name	ショウコ・アズマ	short name; full: Shouko Azuma	
pilot	ミチル	Michiru	none		"akurasu; OG2nd ""Michiru Hanaten"""	
pilot	アクセル	Axel	first-name	アクセル・アルマー	short name; full: Axel Almer	
pilot	アルフィミィ	Alchemie	none		"canon pilots.tsv アインスト・アルフィミィ; OG2nd page spells ""Alfimi"""	
pilot	ムラタ	Murata	exact	ムラタ		
pilot	カーリー	Curly	none		romanized?; no source; could be Kali/Curly	
pilot	オレグ	Oleg	none		romanized?; no source	
pilot	アラセリ	Araceli	none		romanized?; no source	
pilot	ロフ	Rof	none		"akurasu; OG2nd Series ""Grofis 'Rof' Lacrein"""	
pilot	ゼブ	Zeb	none		"akurasu; OG2nd Series ""Zebris 'Zeb'"""	
pilot	セティ	Sety	none		"akurasu; OG2nd Series ""Justine 'Sety' Chafrois"""	
pilot	メキボス	Mekibos	exact	メキボス		
pilot	ゼゼーナン	Zezenan	none		romanized?; no source	
pilot	ヒューゴ	Hugo	first-name	ヒューゴ・メディオ	short name; full: Hugo Medio	
pilot	アクア	Aqua	first-name	アクア・ケントルム	short name; full: Aqua Centrum	
pilot	アルベロ	Albero	first-name	アルベロ・エスト	short name; full: Albero Est	
pilot	エルデ	Erde	first-name	エルデ・ミッテ	short name; full: Erde Mitte	
pilot	ＡＩ１	AI1	none		romanized; alphanumeric kept	
pilot	ジョッシュ	Josh	none		"akurasu; OG2nd ""Joshua Radcliffe""; MD usability chart ""Josh""; short name"	
pilot	リム	Rim	none		"akurasu; OG2nd ""Cliana 'Rim' Rimskaya"""	
pilot	アクイラ	Aquila	none		romanized; Latin (Li-Technologist)	
pilot	イグニス	Ignis	none		romanized; Latin (Li-Technologist)	
pilot	ウェントス	Ventus	none		"akurasu; OG2nd ""Ventus"""	
pilot	グラキエース	Glacies	none		"akurasu; OG2nd ""Glacies"""	
pilot	コンターギオ	Contagio	none		romanized; Latin (Li-Technologist)	
pilot	ウンブラ	Umbra	none		romanized; Latin (Li-Technologist)	
pilot	ペルフェクティオ	Perfectio	none		romanized; Latin (Li-Technologist); also unit ペルフェクティオ	
pilot	トウマ	Touma	first-name	トウマ・カノウ	short name; full: Touma Kanou	
pilot	ミナキ	Minaki	none		romanized?; no source	
pilot	Ｓ‐ＺＬＡＩ	S-ZLAI	none		romanized; alphanumeric kept	
pilot	アリエイル	Ariel	none		"akurasu; OG2nd Series ""Ariel Org""; OG2nd pilot DB ""Arriere Org"""	
pilot	ドゥバン	Duban	none		romanized?; no source	
pilot	イング	Ing	none		"akurasu; OG2nd ""Ing Egret"""	
pilot	エグレッタ	Egretta	none		"romanized?; no source; may be Ing's surname form (OG2nd ""Egret"")"	
pilot	アーマラ	Amala	none		"md-only; MD Unit Usability Chart ""Amala"" (md-only)"	
pilot	アルテウル	Arteur	none		romanized?; no source	
pilot	ユーゼス	Euzeth	first-name	ユーゼス・ゴッツォ	short name; full: Euzeth Gozzo	
pilot	フェフ	Fehu	none		canon pilots.tsv イーグレット・フェフ (Egret Fehu); short name	
pilot	ＧＳ艦長	GS Captain	none		romanized; GS = Gaia Saviors?; plain translation	
pilot	ガンエデン	Gan Eden	none		romanized; Hepburn-ish; Hebrew-derived name	
pilot	イルイ	Irui	none		romanized?; no source; romanization of イルイ	
pilot	ザナヴ	Zanav	none		romanized; Hebrew word (Gan Eden family); matches unit ザナヴ	
pilot	カナフ	Kanaf	none		romanized; Hebrew word (Gan Eden family); matches unit カナフ	
pilot	ケレン	Keren	none		romanized; Hebrew word (Gan Eden family); matches unit ケレン	
pilot	光龍	Koryu	none		romanized?; no source; 光龍 romanized (could be Light Dragon)	
pilot	ククル	Kukuru	none		"akurasu; OG2nd ""Kukuru"""	
pilot	バイオロイド兵	Bioroid Soldier	exact	バイオロイド兵		
pilot	ＡＩ	AI	none		romanized; alphanumeric kept	
pilot	ＨＡＩ	HAI	none		romanized; alphanumeric kept	
pilot	自律回路	Autonomous Circuit	none		romanized; plain translation	
pilot	連邦軍兵	Federation Soldier	exact	連邦軍兵		
pilot	連邦軍艦長	Federation Captain	none		canon pilots.tsv 連邦軍兵 (Federation Soldier) pattern	
pilot	ノイエＤＣ兵	Neo DC Soldier	exact	ノイエDC兵		
pilot	ノイエＤＣ艦長	Neo DC Captain	none		canon pilots.tsv ノイエDC兵 (Neo DC Soldier) pattern	
pilot	ガイアセイバーズ兵	Gaia Saviors Soldier	none		romanized?; Gaia Saviors not in canon; plain translation	
pilot	量産型ＭＣ	Mass-Production MC	none		romanized?; MC expansion unknown	
pilot	妖機人	Yokijin	none		romanized?; 妖機人 romanized	
pilot	カークス兵	Kirkus Soldier	none		romanized; plain translation; Kirkus per OG2nd	
pilot	フェイル兵	Feil Soldier	none		romanized; plain translation	
pilot	シュテドニアス兵	Stedonius Soldier	none		"akurasu; Masoukishin ""Stedonius Alliance"""	
pilot	山賊	Bandit	none		romanized; plain translation	
pilot	デモンゴーレム	Demon Golem	none		"akurasu; Masoukishin Unit List ""Demon Golem"""	
pilot	ヴォルクルス	Volkruss	none		"akurasu; Masoukishin ""Volkruss"""	
pilot	レイカー	Laker	first-name	レイカー・ランドルフ	short name; full: Laker Randolf	
pilot	サカエ	Sakae	first-name	サカエ・タカナカ	short name; full: Sakae Takanaka	
pilot	ロア	Roa	none		"romanized?; unclear NPC; canon has ""Fighter Roar"" (ファイター・ロア) but this is a bare name between NPCs"	
pilot	ロバート	Robert	first-name	ロバート・H・オオミヤ	short name; full: Robert H. Oomiya	
pilot	カーク	Kirk	first-name	カーク・ハミル	short name; full: Kirk Hamill	
pilot	ケンゾウ	Kenzou	first-name	ケンゾウ・コバヤシ	short name; full: Kenzou Kobayashi	
pilot	マリオン	Marion	first-name	マリオン・ラドム	short name; full: Marion Radom	
pilot	ジョナサン	Jonathan	first-name	ジョナサン・カザハラ	short name; full: Jonathan Kazahara	
pilot	エリ	Eri	none		canon pilots.tsv 安西エリ (Eri Anzai); short name	
pilot	ソフィア	Sophia	first-name	ソフィア・ネート	short name; full: Sophia Nate	
pilot	ラージ	Raji	first-name	ラージ・モントーヤ	short name; full: Raji Montoya	
pilot	キサブロー	Kisaburo	first-name	キサブロー・アズマ	short name; full: Kisaburo Azuma	
pilot	フィリオ	Filio	first-name	フィリオ・プレスティ	short name; full: Filio Presty	
pilot	セルシア	Celcia	first-name	セルシア・ファーム	short name; full: Celcia Farm	
pilot	ドナ	Donna	first-name	ドナ・ギャラガー	short name; full: Donna Gallagher	
pilot	ジョイス	Joyce	first-name	ジョイス・ルダール	short name; full: Joyce Rudarl	
pilot	ユアン	Yuan	first-name	ユアン・メイロン	short name; full: Yuan Mei Long	
pilot	ルスラン	Ruslan	none		romanized?; no source	
pilot	ブライアン	Bryan	first-name	ブライアン・ミッドクリッド	short name; full: Bryan Midcrid	
pilot	ケネス	Kenneth	first-name	ケネス・ギャレット	short name; full: Kenneth Garret	
pilot	クロ	Kuro	exact	クロ		
pilot	シロ	Shiro	exact	シロ		
pilot	ランシャオ	Ranshao	none		"akurasu; Masoukishin Character List ""Ranshao"""	
pilot	フレキ	Freki	none		"akurasu; Masoukishin Character List ""Freki"""	
pilot	ゲリ	Geri	none		"akurasu; Masoukishin Character List ""Geri"""	
pilot	ゴクー	Goku	none		romanized?; Gokuu (Journey to the West motif)	
pilot	ハッカイ	Hakkai	none		romanized?; Journey to the West motif	
pilot	ゴジョー	Gojo	none		romanized?; Journey to the West motif (Sha Gojo)	
pilot	チカ	Chika	none		romanized?; no source	
pilot	グライエン	Graien	first-name	グライエン・グラスマン	short name; full: Graien Grassman	
pilot	ミツコ	Mitsuko	first-name	ミツコ・イスルギ	short name; full: Mitsuko Isurugi	
pilot	ミタール	Mitar	first-name	ミタール・ザパト	short name; full: Mitar Zapad	
pilot	ニブハル	Nibhal	first-name	ニブハル・ムブハル	short name; full: Nibhal Mubhal	
pilot	エリック	Eric	first-name	エリック・ワン	short name; full: Eric Wang	
pilot	カオル	Kaoru	none		romanized; Hepburn	
pilot	ジャーダ	Giada	first-name	ジャーダ・ベネルディ	short name; full: Giada Venerdi	
pilot	ガーネット	Garnet	first-name	ガーネット・サンデイ	short name; full: Garnet Sunday	
pilot	ジェイコブ	Jacob	none		romanized; katakana loanword	
pilot	テイラー	Taylor	none		romanized; katakana loanword	
pilot	クリフ	Cliff	none		romanized; katakana loanword	
pilot	フェリオ	Ferio	none		romanized?; no source	
pilot	虎王機	KoOhKi	none		"akurasu; OG2nd Chokijin page ""KoOhKi"""	
pilot	ミーレス	Miles	none		romanized?; Latin/English; no source	
pilot	龍王機	RyuOhKi	none		"akurasu; OG2nd Chokijin page ""RyuOhKi"""	
pilot	クルト	Kurt	none		"akurasu; OG2nd Series ""Kurt Bittner"""	
pilot	テロリスト	Terrorist	none		romanized; plain translation	
pilot	フォリア	Foglia	first-name	フォリア・エスト	short name; full: Foglia Est	
pilot	所属不明兵	Unidentified Soldier	none		romanized; plain translation	
pilot	Ｃ軍艦長	UCC Captain	none		"romanized?; Ｃ軍 = Colony army? (canon: United Colony Corps/UCC); literal would be ""C Army Captain"""	
pilot	Ｃ軍兵	UCC Soldier	none		romanized?; see 189	
pilot	ＤＣ艦長	DC Captain	none		canon factions.tsv ディバイン・クルセイダーズ (DC)	
pilot	イスルギ社員	Isurugi Employee	none		canon factions.tsv Isurugi Industries	
pilot	オペレーター	Operator	none		romanized; plain translation	
pilot	スタッフ	Staff	none		romanized; plain translation	
pilot	ミズホ	Mizuho	first-name	ミズホ・サイキ	short name; full: Mizuho Saiki	
pilot	ユキコ	Yukiko	first-name	ユキコ・ダテ	short name; full: Yukiko Date	
pilot	リーダー	Leader	none		romanized; plain translation	
pilot	医者	Doctor	none		romanized; plain translation	
pilot	一般兵	Soldier	none		romanized; plain translation (generic 一般兵)	
pilot	科学者	Scientist	none		romanized; plain translation	
pilot	看護師	Nurse	none		romanized; plain translation	
pilot	基地司令	Base Commander	none		romanized; plain translation	
pilot	議員	Councilor	none		romanized?; plain translation	
pilot	虎龍王	KoRyuOh	none		canon units.tsv 虎龍王 (same JP)	
pilot	市民	Citizen	none		romanized; plain translation	
pilot	秘書	Secretary	none		romanized; plain translation	
pilot	龍虎王	RyuKoOh	none		canon units.tsv 龍虎王 (same JP)	
pilot	アナウンサー	Announcer	none		romanized; plain translation	
pilot	イブン	Ibn	none		romanized?; no source	
pilot	ギボン	Gibbon	none		romanized?; no source	
pilot	子供	Child	none		romanized; plain translation	
pilot	シアン	Cyan	none		romanized?; no source (Sian/Shian possible)	
pilot	シエンヌ	Sienne	none		romanized?; no source	
pilot	シオ	Shio	none		romanized?; no source	
pilot	ノボス	Novos	none		romanized?; no source	
pilot	ザボド	Zabod	none		romanized?; no source	
pilot	ルザック州軍兵士Ａ	Luzak State Army Soldier A	none		romanized?; ルザック spelling unverified	
pilot	ルザック州軍兵士Ｂ	Luzak State Army Soldier B	none		romanized?; ルザック spelling unverified	
pilot	夏喃	Kanan	none		romanized?; 夏喃 Japanese reading	
pilot	泰北	Taihoku	none		romanized?; 泰北 Japanese reading	
pilot	蓬	Yomogi	none		romanized?; 蓬 Japanese reading	
pilot	雀王機	JakuOhKi	none		romanized?; 雀王機 romanized in OG2nd Chokijin style (RyuOhKi/KoOhKi)	
pilot	ハンフリー	Humphrey	none		romanized; katakana loanword	
pilot	饕餮王	TotetsuOh	none		romanized?; 饕餮王 romanized in RyuKoOh style	
pilot	窮奇王	KyukiOh	none		romanized?; 窮奇王 romanized in RyuKoOh style	
pilot	ＡＩ０・Ｍ	AIO-M	none		"canon pilots.tsv ""AIO-M"" (Akurasu OGG Ace list); JP here reads ＡＩ０・Ｍ (zero) so could be AI0-M"	
pilot	ＬＩＯＨ	LIOH	none		romanized; alphanumeric kept	
pilot	ＮＤＣ一般兵	Neo DC Soldier	none		canon pilots.tsv ノイエDC兵 (JP here is ＮＤＣ一般兵)	
pilot	バラル兵	Baral Soldier	none		romanized?; Baral spelling unverified	
pilot	ギャスパル	Gaspar	none		"akurasu; Masoukishin Character List ""Gaspar Alvarez"""	
pilot	ダニエル	Daniel	none		romanized; katakana loanword	
pilot	ダミー１３	Dummy 13	none		romanized; placeholder pilot	
pilot	ダミー１４	Dummy 14	none		romanized; placeholder pilot	
pilot	ダミー１５	Dummy 15	none		romanized; placeholder pilot	
pilot	ダミー１６	Dummy 16	none		romanized; placeholder pilot	
pilot	ダミー１７	Dummy 17	none		romanized; placeholder pilot	
pilot	ダミー１８	Dummy 18	none		romanized; placeholder pilot	
pilot	ダミー１９	Dummy 19	none		romanized; placeholder pilot	
pilot	ダミー２０	Dummy 20	none		romanized; placeholder pilot	
pilot	ダミー２１	Dummy 21	none		romanized; placeholder pilot	
pilot	ダミー２２	Dummy 22	none		romanized; placeholder pilot	
pilot	ダミー２３	Dummy 23	none		romanized; placeholder pilot	
pilot	ダミー２４	Dummy 24	none		romanized; placeholder pilot	
pilot	ダミー２５	Dummy 25	none		romanized; placeholder pilot	
pilot	ダミー２６	Dummy 26	none		romanized; placeholder pilot	
pilot	ダミー２７	Dummy 27	none		romanized; placeholder pilot	
pilot	ダミー２８	Dummy 28	none		romanized; placeholder pilot	
pilot	ダミー２９	Dummy 29	none		romanized; placeholder pilot	
pilot	ダミー３０	Dummy 30	none		romanized; placeholder pilot	
pilot	ダミー３１	Dummy 31	none		romanized; placeholder pilot	
pilot	ダミー３２	Dummy 32	none		romanized; placeholder pilot	
pilot	ダミー３３	Dummy 33	none		romanized; placeholder pilot	
pilot	ダミー３４	Dummy 34	none		romanized; placeholder pilot	
pilot	ダミー３５	Dummy 35	none		romanized; placeholder pilot	
pilot	ダミー３６	Dummy 36	none		romanized; placeholder pilot	
pilot	ダミー３７	Dummy 37	none		romanized; placeholder pilot	
pilot	ダミー３８	Dummy 38	none		romanized; placeholder pilot	
pilot	ダミー３９	Dummy 39	none		romanized; placeholder pilot	
pilot	ダミー４０	Dummy 40	none		romanized; placeholder pilot	
pilot	ダミー４１	Dummy 41	none		romanized; placeholder pilot	
pilot	ダミー４２	Dummy 42	none		romanized; placeholder pilot	
unit	Ｒ‐１	R-1	exact	Ｒ－１		
unit	Ｒ‐ウィング	R-Wing	none		canon units.tsv Ｒウィング (R-Wing)	
unit	Ｒ‐２パワード	R-2 Powered	exact	Ｒ－２パワード		
unit	Ｒ‐３パワード	R-3 Powered	exact	Ｒ－３パワード		
unit	Ｒ‐ＧＵＮパワード	R-Gun Powered	exact	Ｒ－ＧＵＮパワード		
unit	ＳＲＸ	SRX	exact	ＳＲＸ		
unit	ＡＲＴ‐１	ART-1	exact	ART-1		
unit	ＡＲＴ‐ウィング	ART-Wing	none		canon units.tsv ARTウィング	
unit	アルトアイゼン・リーゼ	Alteisen Riese	exact	アルトアイゼン・リーゼ		
unit	ライン・ヴァイスリッター	Rein Weissritter	exact	ライン・ヴァイスリッター		
unit	フリッケライ・ガイスト	Flickerei Geist	none		"akurasu; OG2nd ""Flickerei Geist"" (pilot DB) / ""Flickerei Gheist"" (mech DB)"	
unit	アレス・ガイスト	Ares Geist	none		romanized?; upgrade of Flickerei Geist? no source	
unit	ペルゼイン・リヒカイト	Personlichkeit	exact	ペルゼイン・リヒカイト		
unit	ヒュッケバイン	Huckebein	exact	ヒュッケバイン		
unit	ヒュッケバインＭｋ‐Ⅱ	Huckebein Mk-II	exact	ヒュッケバインMk-II		
unit	量産型ヒュッケバインＭｋ‐Ⅱ	Mass-Production Huckebein Mk-II	exact	量産型ヒュッケバインMk-II		
unit	アッシュ	Ashe	none		"akurasu; OG2nd ""Ashe"""	
unit	ヒュッケバインＭｋ‐Ⅲ・タイプＬ	Huckebein Mk-III Type-L	exact	ヒュッケバインMk-III・タイプL		
unit	ヒュッケバインＭｋ‐Ⅲ・タイプＲ	Huckebein Mk-III Type-R	exact	ヒュッケバインMk-III・タイプR		
unit	ＡＭガンナー	AM Gunner	exact	AMガンナー		
unit	エグゼクスバイン	Ex-Exbein	none		"akurasu; OG2nd pilot DB ""Ex-Exbein""; mech DB ""Exexbein""; MD ""EX Exbein"""	
unit	ガリルナガン	Galilnagant	none		"md-only?; MD Unit Usability Chart ""Galilnagant""; JP lacks the final t"	
unit	量産型ベルゲルミル	Mass-Production Bergelmir	exact	量産型ベルゲルミル		
unit	グルンガスト零式	Grungust Type 0	exact	グルンガスト零式		
unit	グルンガスト改	Grungust Custom	none		"canon ""Custom"" for 改 (Hiryu/Schwert/Valsion Custom); OG2nd akurasu ""Grungust Kai"""	
unit	ウィングガスト改	Wing Gust Custom	none		"canon ""Custom"" for 改; OG2nd akurasu ""Wing Gust Kai"""	
unit	ガストランダー改	Gust Lander Custom	none		"canon ""Custom"" for 改; OG2nd akurasu ""Gust Lander Kai"""	
unit	グルンガスト参式	Grungust Type 3	exact	グルンガスト参式		
unit	Ｇラプター	G-Raptor	exact	Gラプター		
unit	Ｇバイソン	G-Bison	exact	Gバイソン		
unit	龍虎王	RyuKoOh	exact	龍虎王		
unit	虎龍王	KoRyuOh	exact	虎龍王		
unit	龍王機	RyuOhKi	none		"akurasu; OG2nd Chokijin page ""RyuOhKi"""	
unit	虎王機	KoOhKi	none		"akurasu; OG2nd Chokijin page ""KoOhKi"""	
unit	龍人機	RyuJinKi	none		"akurasu; OG2nd Chokijin page ""Ryujinki""; respelled to match canon RyuKoOh style"	
unit	雀武王	JakuBuOh	none		romanized? in RyuKoOh style; reading of 雀 unverified	
unit	武雀王	BuJakuOh	none		romanized? in RyuKoOh style	
unit	雀王機	JakuOhKi	none		romanized? in RyuOhKi style	
unit	武王機	BuOhKi	none		romanized? in RyuOhKi style	
unit	応龍皇	OryuOh	none		romanized?; 応龍皇 romanized in RyuKoOh style	
unit	饕餮王	TotetsuOh	none		romanized?; 饕餮王 romanized in RyuKoOh style	
unit	窮奇王	KyukiOh	none		romanized?; 窮奇王 romanized in RyuKoOh style	
unit	帝江	Teiko	none		romanized?; 帝江 (Dijiang); Hepburn reading	
unit	孟槐	Mokai	none		romanized?; 孟槐; Hepburn reading	
unit	何羅魚	Karagyo	none		romanized?; 何羅魚; Hepburn reading	
unit	抱㏍	Hokyo	none		romanized?; JP has a gaiji after 抱; reading unverified	
unit	苦辛公主	Kushin Koshu	none		romanized?; 苦辛公主; Hepburn reading	
unit	マガルガ	Magalga	none		"akurasu; OG2nd Mech DB ""Magalga"""	
unit	カナフ	Kanaf	none		romanized; Hebrew word (Gan Eden); no English source	
unit	ケレン	Keren	none		romanized; Hebrew word (Gan Eden)	
unit	ザナヴ	Zanav	none		romanized; Hebrew word (Gan Eden)	
unit	スナピル	Snapir	none		romanized; Hebrew word (Gan Eden)	
unit	ズロア	Zroa	none		romanized; Hebrew word (Gan Eden)	
unit	ガンエデン	Gan Eden	none		romanized; Hebrew-derived	
unit	ビルトビルガー	Wildwurger	exact	ビルトビルガー		
unit	ビルトファルケン	Wildfalken	exact	ビルトファルケン		
unit	ビルトラプター・シュナーベル	Wildraubtier Schnabel	none		"akurasu; OG2nd ""Wildraubtier Schnabel""; canon Wildraubtier"	
unit	ビルトラプター・シュナーベル（ＦＭ）	Wildraubtier Schnabel (FM)	none		akurasu; OG2nd; canon Wildraubtier (FM)	
unit	アルブレード・カスタム	R-Blade Custom	none		"canon units.tsv アルブレード (R-Blade); OG2nd ""R-Blade Custom"""	
unit	量産型ゲシュペンストＭｋ‐Ⅱ改・タイプＮ	Mass-Production Gespenst Mk-II Kai Type-N	none		"canon units.tsv 量産型ゲシュペンストMk-II改; OG2nd ""Gespenst Mk-II Type N"""	
unit	量産型ゲシュペンストＭｋ‐Ⅱ改・タイプＧ	Mass-Production Gespenst Mk-II Kai Type-G	none		"canon units.tsv 量産型ゲシュペンストMk-II改; OG2nd ""Gespenst Mk-II Type G"""	
unit	量産型ゲシュペンストＭｋ‐Ⅱ改・タイプＣ	Mass-Production Gespenst Mk-II Kai Type-C	none		"canon units.tsv 量産型ゲシュペンストMk-II改; OG2nd ""Gespenst Mk-II Type C"""	
unit	ゲシュペンスト・タイプＲＶ	Gespenst Type-RV	exact	ゲシュペンスト・タイプRV		
unit	アーマリオン	Armorlion	exact	アーマリオン		
unit	ズィーガーリオン	Siegerlion	none		"canon units.tsv ズィーガリオン (spelling differs); OG2nd ""Sieguarlion"""	
unit	ジガンスクード・ドゥロ	Giganscudo Duro	exact	ジガンスクード・ドゥロ		
unit	アルテリオン（ＤＦ）	Altairlion (DF)	none		"akurasu; OG2nd Mech DB ""Altairlion (DF)""; MD ""Altelion"""	
unit	アルテリオン（ＣＦ）	Altairlion (CF)	none		"akurasu; OG2nd Mech DB ""Altairlion (CF)"""	
unit	ベガリオン	Vegalion	none		"akurasu; OG2nd Mech DB ""Vegalion"""	
unit	ハイペリオン	Hyperion	none		"akurasu; OG2nd Mech DB ""Hyperion"""	
unit	フェアリオン・タイプＧ	Fairlion Type-G	exact	フェアリオン・タイプG		
unit	フェアリオン・タイプＳ	Fairlion Type-S	exact	フェアリオン・タイプS		
unit	サイリオン	Cylion	none		romanized?; no source	
unit	ケルベリオン・プレザン	Cerberion Present	none		"romanized?; no source; French ""Présent"""	
unit	ケルベリオン・パッセ	Cerberion Passe	none		"romanized?; no source; French ""Passé"" (accent dropped)"	
unit	ケルベリオン・アヴニール	Cerberion Avenir	none		romanized?; no source; French	
unit	レリオン	Relion	none		romanized?; no source	
unit	マスカレオン・タイプＮ	Mascareon Type-N	none		romanized?; no source	
unit	リオン・タイプＶ	Lion Type V	exact	リオン・タイプV		
unit	ランドリオン	Landlion	exact	ランドリオン		
unit	コスモリオン	Cosmolion	exact	コスモリオン		
unit	ヘビーバレリオン	Heavy Barrelion	exact	ヘビーバレリオン		
unit	ガーリオン	Guarlion	exact	ガーリオン		
unit	ガーリオン・カスタム“無明”	"Guarlion Custom ""Mumyou"""	none		"canon units.tsv ガーリオン・カスタム""無明"""	
unit	ヴァルシオン改・タイプＣＦ	Valsion Custom Type CF	exact	ヴァルシオン改・タイプCF		
unit	Ｆ‐３２Ｖシュヴェールト改	F-32V Schwert Custom	exact	F-32Vシュヴェールト改		
unit	８２式戦車ガヴァメント	Type-82 Tank Government	none		canon units.tsv 71式戦車バルドング pattern (Type-71 Tank Waldung); ガヴァメント = Government	
unit	ペレグリン	Peregrine	exact	ペレグリン		
unit	アルバトロス	Albatross	exact	アルバトロス		
unit	トライロバイト	Trilobite	exact	トライロバイト		
unit	ハガネ	Hagane	exact	ハガネ		
unit	クロガネ	Kurogane	exact	クロガネ		
unit	ヒリュウ改	Hiryu Custom	exact	ヒリュウ改		
unit	エア・クリスマス	Air Christmas	none		romanized?; no source	
unit	ストーク	Stork	exact	ストーク		
unit	ホワイトストーク	White Stork	none		canon units.tsv グレイストーク/ストーク pattern	
unit	レイディバード	Ladybird	exact	レイディバード		
unit	ダイゼンガー	DyGenGuar	exact	ダイゼンガー		
unit	アウセンザイター	Aussenseiter	exact	アウセンザイター		
unit	ジンライ	Jinrai	none		romanized; Hepburn	
unit	量産型ジンライ	Mass-Production Jinrai	none		"canon ""Mass-Production"" prefix"	
unit	雷鳳	Raiho	none		romanized?; Hepburn	
unit	ガルムレイド	Garmraid	none		"akurasu; OG2nd ""Garmraid"""	
unit	ガルムレイド・ブレイズ（Ｇ）	Garmraid Blaze (G)	none		"akurasu; OG2nd ""Garmraid Blaze (G)"""	
unit	ガルムレイド・ブレイズ（Ｓ）	Garmraid Blaze (S)	none		"akurasu; OG2nd ""Garmraid Blaze (S)"""	
unit	サーベラス	Cerberus	none		"akurasu; OG2nd ""Cerberus"""	
unit	サーベラス・イグナイト（Ｇ）	Cerberus Ignite (G)	none		"akurasu; OG2nd ""Cerberus Ignite (G)"""	
unit	サーベラス・イグナイト（Ｓ）	Cerberus Ignite (S)	none		"akurasu; OG2nd ""Cerberus Ignite (S)"""	
unit	メディウス・ロクス	Medius Locus	none		romanized; Latin	
unit	ガルベルス	Garberus	none		romanized?; no source	
unit	キャニス	Canis	none		romanized; Latin	
unit	ＡＩ１	AI1	none		romanized; alphanumeric kept	
unit	コンパチブルカイザー	Compatible Kaiser	exact	コンパチブルカイザー		
unit	Ｇコンパチブルカイザー	G-Compatible Kaiser	exact	Gコンパチブルカイザー		
unit	Ｇサンダーゲート	G-Thundergate	exact	Gサンダーゲート		
unit	ファイター・ロア	Fighter Roar	exact	ファイター・ロア		
unit	Ｇバンカラン	G-Bankaran	none		"akurasu; OG2nd mech DB ""G Bankaran""; MD ""G-Bankaran""; hyphen per canon G-Thundergate"	
unit	ヴァイサーガ	Vaisaga	exact	ヴァイサーガ		
unit	ソウルゲイン	Soulgain	exact	ソウルゲイン		
unit	アシュセイヴァー	Ashsaviour	exact	アシュセイヴァー		
unit	アンジュルグ	Angelg	exact	アンジュルグ		
unit	ラーズアングリフ・レイブン	Razangriff Raven	exact	ラーズアングリフ・レイブン		
unit	ランドグリーズ・レイブン	Randgriz Raven	exact	ランドグリーズ・レイブン		
unit	サイバスター	Cybuster	exact	サイバスター		
unit	サイバード	Cybird	exact	サイバード		
unit	ヴァルシオーネ	Valsione	exact	ヴァルシオーネ		
unit	ヴァルシオーネＲ	Valsione R	none		"akurasu; OG2nd ""Valsione R""; canon Valsione"	
unit	ネオ・グランゾン	Neo Granzon	exact	ネオ・グランゾン		
unit	ガッデス	Gaddess	none		"akurasu; OG2nd mech DB ""Gaddess""; Masoukishin ""Gaddess""; pilot DB ""Gadess"""	
unit	グランヴェール	Granveil	none		"akurasu; Masoukishin/OG2nd ""Granveil"""	
unit	ザムジード	Zamzeed	none		"akurasu; Masoukishin/OG2nd ""Zamzeed"""	
unit	ウィーゾル	Wizol	none		"akurasu; OG2nd ""Wizol""; Masoukishin ""Wizol Custom""; pilot DB ""Wuzol"""	
unit	ガディフォール	Gadifor	none		romanized?; no source	
unit	ガルガード	Galguard	none		"akurasu; OG2nd/Masoukishin ""Galguard"""	
unit	ジャオーム	Jaohm	none		"akurasu; OG2nd/Masoukishin ""Jaohm"""	
unit	ディアブロ	Diablo	none		"akurasu; OG2nd/Masoukishin ""Diablo"""	
unit	ノルス	Norse	none		"akurasu; OG2nd ""Norse""; Masoukishin ""Nols"""	
unit	ノルス・レイ	Norse Ray	none		"akurasu; OG2nd ""Norse Ray""; Masoukishin ""Nols Ray"""	
unit	ギルドーラ	Gildora	none		"akurasu; Masoukishin ""Gildora""; OG2nd pilot DB ""Guildora"""	
unit	ギルドーラⅡ	Gildora II	none		"akurasu?; Masoukishin ""Gildora""; II suffix by analogy"	
unit	ソルガディ	Solgady	none		"akurasu; Masoukishin Unit List ""Solgady"""	
unit	デュラクシール	Duraxyll	none		"akurasu; Masoukishin/OG2nd ""Duraxyll"""	
unit	バフォーム	Baform	none		"akurasu; OG2nd pilot DB ""Baform""; Masoukishin ""Baphom"""	
unit	ブローウェル	Browel	none		"akurasu; OG2nd ""Browel"""	
unit	ブローウェルカスタム	Browel Custom	none		"akurasu; OG2nd ""Browel""; Custom per canon"	
unit	ルジャノール改	Rujanor Custom	none		"akurasu; OG2nd ""Rujanor Custom""; Masoukishin ""Lujanohl Custom"""	
unit	ソディウム級移動要塞	Sodium-Class Mobile Fortress	none		romanized?; no source	
unit	ヴォルクルス（上）	Volkruss (Upper)	none		"akurasu?; Masoukishin ""Volkruss""; part qualifier translated"	
unit	ヴォルクルス（下）	Volkruss (Lower)	none		"akurasu?; Masoukishin ""Volkruss""; part qualifier translated"	
unit	ヴォルクルス（合体）	Volkruss (Combined)	none		"akurasu?; Masoukishin ""Volkruss""; part qualifier translated"	
unit	エウリード	Eulid	none		"akurasu; Masoukishin Unit List ""Eulid"""	
unit	機装兵	Mechanical Soldier	none		"akurasu; Masoukishin Unit List ""Mechanical Soldier"""	
unit	グラフ・ドローン	Grahf Drohne	none		"akurasu; Masoukishin Unit List ""Grahf Drohne"""	
unit	グラフ・ドローン改	Grahf Drohne Custom	none		"akurasu?; Masoukishin ""Grahf Drohne""; Custom per canon for 改"	
unit	ゴリアテ	Goliath	none		"akurasu; Masoukishin Unit List ""Goliath"""	
unit	デモンゴーレム	Demon Golem	none		"akurasu; Masoukishin Unit List ""Demon Golem"""	
unit	ナグツァート	Nagzadd	none		"akurasu; Masoukishin Unit List ""Nagzadd"""	
unit	ナグロッド	Nagrod	none		romanized?; no source	
unit	レンファ	Renfa	none		romanized?; no source	
unit	ガロイカ	Garoika	exact	ガロイカ		
unit	グラシドゥ＝リュ	Gracidu-Ryu	none		romanized?; no source	
unit	カレイツェド	Kareitsedo	none		romanized?; no source	
unit	ゲイオス＝グルード	Geios-Grude	none		romanized?; no source	
unit	レストグランシュ	Rest Granche	none		romanized?; no source	
unit	レストレイル	Rest Rail	none		romanized?; no source	
unit	ライグ＝ゲイオス	Raig-Geios	none		romanized?; no source	
unit	ゼイドラム	Zeidram	none		"akurasu; OG2nd pilot DB ""Zeidram"""	
unit	オーグバリュー	Org-Valu	none		"akurasu; OG2nd pilot DB ""Org-Valu"""	
unit	グレイターキンⅡ	Greytarkin II	none		"canon units.tsv グレイターキン (Greytarkin); OG2nd ""Graterkin II"""	
unit	ビュードリファー	Beautrifa	none		"akurasu; OG2nd pilot DB ""Beautrifa"""	
unit	ゼラニオ	Zeranio	none		romanized?; no source	
unit	バラン＝シュナイル	Baran-Schneil	none		romanized?; no source	
unit	エール・シュヴァリアー	Aile Chevalier	none		"akurasu; OG2nd ""Aile Chevalier"""	
unit	ジェアン・シュヴァリアー	Geant Chevalier	none		"akurasu; OG2nd ""Geant Chevalier"""	
unit	ブランシュネージュ	Blanche Neige	none		"akurasu; OG2nd ""Blanche Neige"""	
unit	デア・ブランシュネージュ	Dea Blanche Neige	none		"akurasu; OG2nd pilot DB ""Dea Blanche Neige""; mech DB ""Deas"""	
unit	フォルテギガス	Forte Gigas	none		"akurasu; OG2nd ""Forte Gigas"""	
unit	フォルティス・アーラ	Fortis Ala	none		romanized; Latin	
unit	インペトゥス	Impetus	none		romanized; Latin	
unit	プリスクス・ノクス	Priscus Nox	none		romanized; Latin	
unit	ウィオラーケウム	Violaceum	none		romanized; Latin	
unit	ファービュラリス	Fabularis	none		"akurasu; OG2nd ""Fabularis"""	
unit	ストゥディウム	Studium	none		"akurasu; OG2nd ""Studium"""	
unit	アンゲルス	Angelus	none		romanized; Latin	
unit	ベルグランデ	Bergrande	none		romanized?; no source	
unit	スカルプルム	Scalprum	none		romanized; Latin	
unit	ファートゥム	Fatum	none		romanized; Latin	
unit	アダマトロン	Adamatron	none		romanized; no source	
unit	エクサランス・レスキュー	Excellence Rescue	none		"canon units.tsv エクサランス pattern; OG2nd ""Excellence Rescue"""	
unit	タイプＣ装備	Type-C Equipment	none		romanized; plain translation	
unit	タイプＧ装備	Type-G Equipment	none		romanized; plain translation	
unit	マスカレオン・タイプＣ	Mascareon Type-C	none		romanized?; see 339	
unit	救命ポッド	Escape Pod	none		romanized?; plain translation (救命ポッド)	
unit	キャニス・アルタルフ	Canis Altarf	none		romanized?; Latin/Arabic star name	
unit	グランゾン	Granzon	exact	グランゾン		
unit	ペルフェクティオ	Perfectio	none		romanized; Latin; also pilot ペルフェクティオ	
unit	タイプＮ装備	Type-N Equipment	none		romanized; plain translation	
weapon	Ｇ・インパクトステーク	G-Impact Stake	exact	G・インパクトステーク		
weapon	Ｇ・リボルヴァー	G-Revolver	exact	G・リボルヴァー		
weapon	Ｇ・レールガン	G-Railgun	exact	G・レールガン		
weapon	Ｍ１３ショットガン	M13 Shotgun	exact	M13ショットガン		
weapon	Ｍ９０アサルトマシンガン	M90 Assault Machine Gun	exact	M90アサルトマシンガン		
weapon	Ｍ９５０マシンガン	M950 Machine Gun	exact	M950マシンガン		
weapon	アサルトブレード	Assault Blade	exact	アサルトブレード		
weapon	ガンレイピア	Gun Rapier	exact	ガンレイピア		
weapon	グラビトン・ランチャー	Graviton Launcher	exact	グラビトン・ランチャー		
weapon	コールドメタルナイフ	Cold Metal Knife	exact	コールドメタルナイフ		
weapon	シザースナイフ	Scissor Knife	exact	シザースナイフ		
weapon	シシオウブレード	Shishioh Blade	exact	シシオウブレード		
weapon	ステルス・ブーメラン	Stealth Boomerang	exact	ステルス・ブーメラン		
weapon	スラッシュ・リッパー	Slash Ripper	exact	スラッシュ・リッパー		
weapon	ツイン・マグナライフル	Twin Magna Rifle	exact	ツイン・マグナライフル		
weapon	ディバイン・アーム	Divine Arm	exact	ディバイン・アーム		
weapon	ネオ・チャクラムシューター	Neo Chakram Shooter	none		canon attacks.tsv ネオ・チャクラムシュータ (spelling differs)	
weapon	ネオ・プラズマカッター	Neo Plasma Cutter	exact	ネオ・プラズマカッター		
weapon	バースト・レールガン	Burst Railgun	exact	バースト・レールガン		
weapon	ハイパー・ビームキャノン	Hyper Beam Cannon	exact	ハイパー・ビームキャノン		
weapon	ビームソード	Beam Sword	exact	ビームソード		
weapon	ブーステッド・ライフル	Boosted Rifle	exact	ブーステッド・ライフル		
weapon	ブーストハンマー	Boost Hammer	exact	ブーストハンマー		
weapon	フォトン・ライフル	Photon Rifle	exact	フォトン・ライフル		
weapon	マグナ・ビームライフル	Magna Beam Rifle	exact	マグナ・ビームライフル		
weapon	メガ・ビームライフル	Mega Beam Rifle	exact	メガ・ビームライフル		
weapon	リープ・スラッシャー	Leap Slasher	exact	リープ・スラッシャー		
weapon	リニアミサイルランチャー	Linear Missile Launcher	exact	リニアミサイルランチャー		
weapon	レーザーブレード	Laser Blade	exact	レーザーブレード		
weapon	レクタングル・ランチャー	Rectangular Launcher	exact	レクタングル・ランチャー		
weapon	ロシュセイバー	Roche Saber	exact	ロシュセイバー		
weapon	アーマーブレイカー	Armor Breaker	exact	アーマーブレイカー		
weapon	ウェポンブレイカー	Weapon Breaker	exact	ウェポンブレイカー		
weapon	エナジーテイカー	Energy Taker	exact	エナジーテイカー		
weapon	エナジーテイカー＋	Energy Taker+	exact	エナジーテイカー+		
weapon	エナジードレイン	Energy Drain	exact	エナジードレイン		
weapon	エナジードレイン＋	Energy Drain+	exact	エナジードレイン+		
weapon	スパイダーネット	Spider Net	exact	スパイダーネット		
weapon	スピリットテイカー	Spirit Taker	exact	スピリットテイカー		
weapon	スピリットテイカー＋	Spirit Taker+	exact	スピリットテイカー+		
weapon	スピリットドレイン	Spirit Drain	exact	スピリットドレイン		
weapon	チャフグレネード	Chaff Grenade	exact	チャフグレネード		
weapon	マインドブラスト	Mind Blast	exact	マインドブラスト		
weapon	フリー・エレクトロン・キャノン	Free Electron Cannon	none		romanized; katakana loanwords	
weapon	ＭＴＤＭシューター	MTDM Shooter	none		romanized; alphanumeric kept	
weapon	ハイパー・ビームライフルＳ	Hyper Beam Rifle S	none		canon attacks.tsv Hyper Beam Rifle (Wildraubtier) + S	
weapon	フォトン・ライフルＳ	Photon Rifle S	none		canon attacks.tsv フォトン・ライフル + S	
weapon	修理装置	Repair Module	exact	修理装置		
weapon	補給装置	Resupply Module	exact	補給装置		
weapon	バルカン砲	Vulcan Cannon	none		canon attacks.tsv (R-1)	
weapon	Ｔ‐ＬＩＮＫナックル	T-Link Knuckle	none		"canon attacks.tsv (R-1); OG2nd ""T-Link Fist"""	
weapon	天上天下念動破砕剣	T-Link Sword	none		canon? attacks.tsv (R-1); JP is 天上天下念動破砕剣, assumed to be the R-1 sword attack	
weapon	フォーメーションＲ	R-Formation	exact	フォーメーションR		
weapon	天上天下念動連撃拳	Tenjou Tenge Nendou Rengeki Ken	none		"canon? attacks.tsv (R-1 + ART-1 combination, romaji only); OG2nd R-1 ""T-Link Rapid Fist"""	
weapon	ホーミングミサイル	Homing Missile	none		canon attacks.tsv (R-Wing)	
weapon	Ｇ・リボルヴァーキャノン	G-Revolver Cannon	none		canon attacks.tsv (R-Wing)	
weapon	有線式ビームチャクラム	Beam Chakram	none		"canon attacks.tsv (R-2 Powered); OG2nd ""Wired Beam Chakram"""	
weapon	ハイゾルランチャー（散弾）	Hi-Zol Launcher (Spread)	none		canon attacks.tsv (R-2 Powered)	
weapon	ハイゾルランチャー（集束）	Hi-Zol Launcher (Focused)	none		canon attacks.tsv (R-2 Powered)	
weapon	念動収束式レーザー・キャノン	TK Laser Cannon	none		"canon attacks.tsv (R-3 Powered); OG2nd ""Converging Laser Cannon"""	
weapon	ストライクシールド	Strike Shield	none		canon attacks.tsv (R-3 Powered)	
weapon	テレキネシス・ミサイル	Telekinesis Missile	none		canon attacks.tsv (R-3 Powered)	
weapon	スラッシュ・ブーメラン	Slash Boomerang	none		"akurasu; OG2nd R-Gun Powered ""Slash Boomerang""; canon attacks.tsv has ""T-Link Boomerang"" in the same slot (OGs)"	
weapon	ハイ・ツインランチャー	Hi-Twin Launcher	none		"canon attacks.tsv (R-Gun Powered); OG2nd ""High Twin Launcher"""	
weapon	天上天下一撃必殺砲	Unstoppable HTB Cannon	exact	天上天下一撃必殺砲		
weapon	ハイ・フィンガーランチャー	Hi-Finger Launcher	none		"canon attacks.tsv (SRX); OG2nd ""High Finger Launcher"""	
weapon	ブレード・キック	Blade Kick	none		canon attacks.tsv (SRX)	
weapon	ドミニオン・ボール	Dominion Ball	none		canon attacks.tsv (SRX)	
weapon	天上天下念動爆砕剣	Unstoppable TK Burst Slash	exact	天上天下念動爆砕剣		
weapon	ガウン・ジェノサイダー	Gaun Genocider	none		canon attacks.tsv (SRX)	
weapon	ザイン・ナックル	Zyne Knuckle	none		"akurasu; OG2nd SRX ""Zyne Knuckle"""	
weapon	頭部バルカン砲	Head Vulcan Cannon	none		"akurasu; OG2nd ART-1 ""Head Vulcan Cannon"""	
weapon	コールドメタルブレード	Cold Metal Blade	none		canon attacks.tsv (ART-1)	
weapon	ＨＧ・リボルヴァー	HG Revolver	none		canon attacks.tsv (ART-1)	
weapon	ブーステッド・ライフルＨ	Boosted Rifle H	none		canon attacks.tsv (ART-1)	
weapon	Ｔ‐ＬＩＮＫブレードナックル	T-Link Blade Knuckle	none		canon attacks.tsv (ART-1)	
weapon	Ｔ‐ＬＩＮＫクラッシュソード	T-Link Crusher Sword	none		"canon attacks.tsv (ART-1); OG2nd ""T-Link Crash Sword"""	
weapon	ＨＧ・リボルヴァーキャノン	HG Revolver Cannon	none		canon attacks.tsv (ART-Wing)	
weapon	プラズマホーン	Plasma Horn	none		canon attacks.tsv (Alteisen Riese)	
weapon	５連チェーンガン	5-Barrel Chaingun	none		canon attacks.tsv (Alteisen Riese)	
weapon	リボルビング・バンカー	Revolver Bunker	none		canon attacks.tsv リボルビング・バンカー (Riese); JP spelled with -ing	
weapon	アヴァランチ・クレイモア	Claymore Avalanche	none		canon attacks.tsv (Riese); JP order is Avalanche Claymore (OG2nd name)	
weapon	エリアル・クレイモア	Aerial Claymore	none		canon attacks.tsv (Riese)	
weapon	ランページ・ゴースト	Rampage Ghost	exact	ランページ・ゴースト		
weapon	Ｅ．Ｄ．Ｎ．	E.D.N.	none		"akurasu; OG2nd ""E. D. N."""	
weapon	スプリットミサイル	Split Missile	none		canon attacks.tsv (Weissritter)	
weapon	３連ビームキャノン	Triple Beam Cannon	none		canon attacks.tsv (Weissritter / Rein)	
weapon	ハウリング・ランチャーＥ	Howling Launcher E	none		canon attacks.tsv (Rein Weissritter)	
weapon	ハウリング・ランチャーＢ	Howling Launcher B	none		canon attacks.tsv (Rein Weissritter)	
weapon	ハウリング・ランチャーＸ	Howling Launcher X	none		canon attacks.tsv (Rein Weissritter)	
weapon	３連マシンキャノン	3-Barrel Machine Cannon	none		canon attacks.tsv (Alteisen); OG2nd Flickerei Geist	
weapon	リボルビング・ステーク	Revolver Stake	none		canon attacks.tsv リボルビング・ステーク (Alteisen); JP spelled with -ing	
weapon	マグナム・ステーク	Magnum Stake	none		"romanized; OG2nd Flickerei Geist lists ""Stake Magnum"""	
weapon	Ｕ．Ｕ．Ｎ．	U.U.N.	none		"akurasu; OG2nd ""U.U.N."""	
weapon	ヒュージ・レフト	Huge Left	none		romanized; katakana loanwords	
weapon	レッド・ホーン	Red Horn	none		romanized; katakana loanwords	
weapon	ビッグ・ライト	Big Right	none		romanized; katakana loanwords	
weapon	Ｃ．Ｕ．Ｎ．	C.U.N.	none		romanized; alphanumeric kept; cf. E.D.N./U.U.N.	
weapon	マブイタチ	Mabu Itachi	none		"akurasu; OG2nd Persoenlichkeit ""Mabu Itachi"""	
weapon	ヨミジ	Yomiji	none		"akurasu; OG2nd Persoenlichkeit ""Yomiji"""	
weapon	ライゴウエ	Raigou	none		"akurasu?; OG2nd Persoenlichkeit ""Raigou""; kana ends in -e (Raigoue)"	
weapon	マブイエグリ	Mabuyeguri	none		"akurasu; OG2nd Persoenlichkeit ""Mabuyeguri"""	
weapon	グラビトン・ライフル	Graviton Rifle	none		canon attacks.tsv (Huckebein Mk-III)	
weapon	Ｔ‐ＬＩＮＫセイバー	T-Link Saber	none		"akurasu; OG2nd Ashe ""T-Link Saber"""	
weapon	ファング・スラッシャー	Fang Slasher	none		canon attacks.tsv (Huckebein Mk-III)	
weapon	リープ・ミサイル	Leap Missiles	none		"canon attacks.tsv (AM Gunner / Gunner); JP singular, OG2nd ""Leap Missile"""	
weapon	Ｇインパクト・キャノン	G-Impact Cannon	none		canon attacks.tsv (Huckebein Mk-II)	
weapon	Ｔ‐ＬＩＮＫスライダー	T-Link Slider	none		"akurasu; OG2nd Ex-Exbein ""T-Link Slider"""	
weapon	Ｔ‐ＬＩＮＫレボリューター	T-Link Revolution	none		"akurasu?; OG2nd Ex-Exbein ""T-Link Revolution""; kana is Revolutor/Revoluter"	
weapon	ブラックホール・バスターキャノン	Black Hole Buster Cannon	none		"akurasu?; OG2nd ""Black Hole Buster""; full JP name; cf. canon Black Hole Cannon"	
weapon	バスタックス・マッシャー	Bustax Masher	none		romanized?; no source; Exbein Boxer	
weapon	トライ・スラッシャー	Tri Slasher	none		romanized; katakana loanwords	
weapon	バスタックス・ガン	Bustax Gun	none		romanized?; see 569	
weapon	バスタックス・シーケンス	Bustax Sequence	none		romanized?; see 569	
weapon	アキシオン・アッシャー	Axion Asher	none		romanized?; no source	
weapon	マシンナリー・ライフル	Machinery Rifle	none		romanized; katakana loanwords; cf. canon Machinery Children	
weapon	シックス・スレイブ	Six Slave	none		romanized; katakana loanwords	
weapon	アーム・ナッター	Arm Nutter	none		romanized?; no source	
weapon	ブーストナックル	Boost Knuckle	none		canon attacks.tsv (Grungust)	
weapon	ハイパー・ブラスター	Hyper Blaster	none		canon attacks.tsv (Grungust Type 0)	
weapon	ＡＰＴＧＭランチャー	APTGM Launcher	none		"akurasu; OG2nd Grungust Type 0/3 ""APTGM Launcher"""	
weapon	零式斬艦刀・疾風迅雷	Type 0 Colossal Blade: Gale & Lightning	none		"canon attacks.tsv Type 0 Colossal Blade; subtitle from OG2nd ""Gale & Lightning"" (疾風迅雷)"	
weapon	零式斬艦刀・疾風怒濤	Type 0 Colossal Blade: Gale & Surging Waves	none		canon attacks.tsv Type 0 Colossal Blade; subtitle from OG2nd (疾風怒濤)	
weapon	８連ミサイル・ランチャー	8-Row Missile Launcher	none		"akurasu; OG2nd Grungust Kai ""8-Row Missile Launcher"""	
weapon	ダーク・ロック	Dark Rock	none		"akurasu; OG2nd Grungust Kai ""Dark Rock"""	
weapon	ハイパー・ブーストナックル	Hyper Boost Knuckle	none		"akurasu; OG2nd Grungust Kai ""Hyper Boost Knuckle"""	
weapon	アルティメット・ビーム	Ultimate Beam	none		"akurasu; OG2nd Grungust Kai ""Ultimate Beam"""	
weapon	計都羅¶剣・暗剣殺	Ketu Rahu Sword: Ankensatsu	none		akurasu; OG2nd Grungust Kai; JP has a gaiji in the middle of the name	
weapon	計都羅¶剣・五黄殺	Ketu Rahu Sword: Goousatsu	none		akurasu; OG2nd Grungust Kai; JP has a gaiji in the middle of the name	
weapon	ダブル・オメガレーザー	Double Omega Laser	none		canon attacks.tsv (Wing Gust)	
weapon	ビッグ・ミサイル	Big Missile	none		canon attacks.tsv (Gust Lander / Wing Gust)	
weapon	ツイン・ビームキャノン	Twin Beam Cannon	none		canon attacks.tsv (Schutzwald); OG2nd Wing Gust Kai	
weapon	スパイラル・ブレイカー	Spiral Breaker	none		"akurasu; OG2nd Wing Gust Kai ""Spiral Breaker"""	
weapon	オメガ・キャノン	Omega Cannon	none		canon attacks.tsv (Gust Lander)	
weapon	ドリル・アタック	Drill Attack	none		canon attacks.tsv (Gust Lander)	
weapon	ガスト・バースト	Gust Burst	none		"akurasu; OG2nd Gust Lander Kai ""Gust Burst"""	
weapon	アイソリッド・レーザー	Eye-Solid Laser	none		canon attacks.tsv (Grungust Type 2 / 3)	
weapon	ドリル・ブーストナックル	Drill Boost Knuckle	none		canon attacks.tsv (Grungust Type 3)	
weapon	オメガ・ブラスター	Omega Blaster	none		canon attacks.tsv (Grungust Type 3)	
weapon	Ｇコンビネーション	G-Combination	none		"akurasu; OG2nd Grungust Sanshiki ""G combination""; hyphen per canon G- style"	
weapon	参式獅子王刀・歳破	Type 3 Shishioh Blade: Saiha	none		"canon attacks.tsv Type 3 Shishioh Blade; subtitle from OG2nd ""Saiha"""	
weapon	オメガ・ビーム	Omega Beam	none		"akurasu; OG2nd G-Raptor ""Omega Beam"""	
weapon	龍王爆雷符	Bakuraifu	none		"canon? attacks.tsv Bakuraifu (RyuKoOh); OG2nd ""Dragon King Thunder Fu"""	
weapon	龍王移山法	Mountain Pressure	none		"canon attacks.tsv (RyuKoOh); OG2nd ""Dragon King Mountain Toss"""	
weapon	龍王炎符水	Magma Vassal	none		"canon attacks.tsv (RyuKoOh); OG2nd ""Dragon King Flame Water"""	
weapon	龍王破山剣・逆鱗断	Dragoon Blade	none		"canon attacks.tsv (RyuKoOh); OG2nd ""Mountain Breaking Sword - Reverse Scales"""	
weapon	龍王破山剣・天魔降伏斬	Wrathcleaver	none		"canon attacks.tsv (RyuKoOh); OG2nd ""...Tenma Surrendering Slash"""	
weapon	タイガー・ナックル	Tiger Knuckle	none		canon attacks.tsv (KoRyuOh)	
weapon	ランダム・スパイク	Random Spike	none		canon attacks.tsv (KoRyuOh)	
weapon	ソニック・ジャベリン	Sonic Javelin	none		canon attacks.tsv (KoRyuOh)	
weapon	タイラントオーバーブレイク	Tyrant Overbreak	none		canon attacks.tsv (KoRyuOh)	
weapon	ファング・ミサイル	Fang Missile	none		"akurasu; OG2nd KoOhKi ""Fang Missile"""	
weapon	参式爆連打	Explosive Combo	none		"akurasu?; OG2nd KoRyuOh ""Explosive Combo"""	
weapon	破邪眼	Evil Eye Breaker	none		"akurasu; OG2nd RyuOhKi ""Evil Eye Breaker"""	
weapon	龍王火炎	Dragon King Flame	none		"akurasu; OG2nd RyuOhKi/Ryujinki ""Dragon King Flame"""	
weapon	滑空龍飛斬	Gilded Dragon Flying Slash	none		"akurasu?; OG2nd RyuOhKi ""Gilded Dragon Flying Slash""; 滑空 means gliding"	
weapon	ソニック・シャウト	Sonic Shout	none		"akurasu; OG2nd KoOhKi ""Sonic Shout"""	
weapon	タイガー・ファング	Tiger Fang	none		"akurasu; OG2nd KoOhKi ""Tiger Fang"""	
weapon	ブランチ・ファング	Branch Fang	none		romanized?; no source	
weapon	爆雷符	Bakuraifu	none		"canon? attacks.tsv Bakuraifu (RyuKoOh); OG2nd Ryujinki ""Thunder Symbol"""	
weapon	如意金箍棒	Ruyi Golden Stick	none		"akurasu; OG2nd Ryujinki ""Ruyi Golden Stick"""	
weapon	如意金箍棒・海重撃	Ruyi Golden Stick: Sea Heavy Strike	none		"akurasu?; OG2nd ""Ruyi Golden Stick and Sea Heavy Attack"""	
weapon	龍王乱舞	Dragon King Dance	none		"akurasu; OG2nd Ryujinki ""Dragon King Dance"""	
weapon	朱羽箭	Shuusen	none		romanized?; Hepburn; Chokijin enemy move	
weapon	朱羅剣	Shura Ken	none		romanized?; Hepburn; Chokijin enemy move	
weapon	黒蛇刀・三千斬	Kokujatou: Sanzenzan	none		romanized?; Hepburn; Chokijin enemy move	
weapon	黒蛇刀・五行獄	Kokujatou: Gogyougoku	none		romanized?; Hepburn; Chokijin enemy move	
weapon	黒蛇刀・五行烈斬	Kokujatou: Gogyou Retsuzan	none		romanized?; Hepburn; Chokijin enemy move	
weapon	玄甲彈	Genkoudan	none		romanized?; Hepburn; Chokijin enemy move	
weapon	武王多連火槍	Buou Taren Kasou	none		romanized?; Hepburn; Chokijin enemy move	
weapon	黒蛇臼砲	Kokuja Kyuuhou	none		romanized?; Hepburn; Chokijin enemy move	
weapon	玄天衝天砲	Genten Shouten Hou	none		romanized?; Hepburn; Chokijin enemy move	
weapon	蛇頭光	Jatoukou	none		romanized?; Hepburn; Chokijin enemy move	
weapon	雀王火焔	Jakuou Kaen	none		romanized?; Hepburn; Chokijin enemy move	
weapon	滑空焔斬	Kakkuu Enzan	none		romanized?; Hepburn; Chokijin enemy move	
weapon	黒蛇光	Kokujakou	none		romanized?; Hepburn; Chokijin enemy move	
weapon	龍鱗乱舞陣	Ryuurin Ranbujin	none		romanized?; Hepburn; Chokijin enemy move	
weapon	応龍豪雷槍	Ouryuu Gouraisou	none		romanized?; Hepburn; Chokijin enemy move	
weapon	龍王雷槍	Ryuuou Raisou	none		romanized?; Hepburn; Chokijin enemy move	
weapon	餓眼光	Gagankou	none		romanized?; Hepburn; Chokijin enemy move	
weapon	餓魂球	Gakonkyuu	none		romanized?; Hepburn; Chokijin enemy move	
weapon	餓貪牙	Gatonga	none		romanized?; Hepburn; Chokijin enemy move	
weapon	餓弩貪牙	Gadotonga	none		romanized?; Hepburn; Chokijin enemy move	
weapon	凶尾光	Kyoubikou	none		romanized?; Hepburn; Chokijin enemy move	
weapon	超音邪咆	Chouon Jahou	none		romanized?; Hepburn; Chokijin enemy move	
weapon	凶牙砕	Kyougasai	none		romanized?; Hepburn; Chokijin enemy move	
weapon	邪王窮奇	Jaou Kyuuki	none		romanized?; Hepburn; Chokijin enemy move	
weapon	開封液	Kaifuueki	none		romanized?; Hepburn; Chokijin enemy move	
weapon	肥袋撃	Hitaigeki	none		romanized?; Hepburn; Chokijin enemy move	
weapon	万針撃	Manshingeki	none		romanized?; Hepburn; Chokijin enemy move	
weapon	回針轢殺	Kaishin Rekisatsu	none		romanized?; Hepburn; Chokijin enemy move	
weapon	重水鉄砲	Juusui Deppou	none		romanized?; Hepburn; Chokijin enemy move	
weapon	魚胎覧	Gyotairan	none		romanized?; Hepburn; Chokijin enemy move	
weapon	嬰呼母声	Eikobosei	none		romanized?; Hepburn; Chokijin enemy move	
weapon	裏児得食	Urajitokushoku	none		romanized?; Hepburn; Chokijin enemy move	
weapon	苦辛甘露	Kushin Kanro	none		romanized?; Hepburn; Chokijin enemy move	
weapon	一輪轢殺	Ichirin Rekisatsu	none		romanized?; Hepburn; Chokijin enemy move	
weapon	比咩舞	Himemai	none		romanized?; Hepburn; Chokijin enemy move	
weapon	死反玉	Shihangyoku	none		romanized?; Hepburn; Chokijin enemy move	
weapon	黄泉舞	Yomimai	none		romanized?; Hepburn; Chokijin enemy move	
weapon	八握剣	Yatsukaken	none		romanized?; Hepburn; Chokijin enemy move	
weapon	メニ・ハニフ	Meni Hanif	none		romanized?; Gan Eden move; Hebrew-style names, no source	
weapon	テヒラー・レイ	Tehilla Ray	none		romanized?; Gan Eden move	
weapon	ファイア・ツィポール	Fire Tzipor	none		romanized?; Gan Eden move	
weapon	カリーシュ・ダイヴ	Kalish Dive	none		romanized?; Gan Eden move	
weapon	サンダー・ラアム	Thunder Raam	none		romanized?; Gan Eden move	
weapon	シャイニング・ツァアク	Shining Tza'ak	none		romanized?; Gan Eden move	
weapon	シャマイム・サハー	Shamayim Sahar	none		romanized?; Gan Eden move	
weapon	バルカーン・レイ	Balkan Ray	none		romanized?; Gan Eden move	
weapon	アロフ・ヤッド	Alof Yad	none		romanized?; Gan Eden move	
weapon	アドム・ミクラハット	Adom Miklahat	none		romanized?; Gan Eden move	
weapon	エデン・ゴラー	Eden Golar	none		romanized?; Gan Eden move	
weapon	ヒート・ラハヴート	Heat Lahavut	none		romanized?; Gan Eden move	
weapon	マヴェット・ゴスペル	Mavet Gospel	none		romanized?; Gan Eden move	
weapon	フォロー・ザ・サン	Follow the Sun	none		romanized; English phrase	
weapon	３連ガトリング砲	3-Barrel Gatling Gun	none		canon attacks.tsv (Wildwurger)	
weapon	コールドメタルソード	Cold Metal Sword	none		canon attacks.tsv (Wildwurger)	
weapon	スタッグビートル・クラッシャー	Stag Beetle Crusher	none		canon attacks.tsv (Wildwurger)	
weapon	ビクティム・ビーク	Shrike's Beak	none		"canon? attacks.tsv (Wildwurger); OG2nd ""Victim Beak"" and JP reads Victim Beak"	
weapon	ツイン・バード・ストライク	Twin Bird Strike	exact	ツインバードストライク		
weapon	スプリットミサイルＨ	Split Missile H	none		canon attacks.tsv (Wildfalken)	
weapon	オクスタン・ライフルＥ	Oxtongue Rifle E	none		canon attacks.tsv (Wildfalken)	
weapon	オクスタン・ライフルＢ	Oxtongue Rifle B	none		canon attacks.tsv (Wildfalken)	
weapon	オクスタン・ライフルＷ	Oxtongue Rifle W	none		canon attacks.tsv (Wildfalken)	
weapon	ハイパー・ビームライフル改	Hyper Beam Rifle Custom	none		canon attacks.tsv Hyper Beam Rifle + Custom for 改	
weapon	ブレード・サイ	Blade Rhinoceros	none		"akurasu; OG2nd Wildraubtier Schnabel ""Blade Rhinoceros"""	
weapon	ラプター・シュナーベル	Raptor Schnabel	none		"akurasu; OG2nd Wildraubtier Schnabel ""Raptor Schnabel"""	
weapon	ツイン・レールキャノン	Twin Rail Cannon	none		"akurasu; OG2nd Wildraubtier Schnabel (FM) ""Twin Rail Cannon"""	
weapon	Ｇ・レールガン改	G-Railgun Custom	none		"canon attacks.tsv G-Railgun + Custom for 改; OG2nd R-Blade Custom ""G-Rail Cannon"""	
weapon	スプリット・ビームキャノン	Split Beam Cannon	none		"akurasu; OG2nd R-Blade Custom ""Split Beam Cannon"""	
weapon	ブレード・トンファー	Blade Tonfa	none		canon attacks.tsv (R-Blade)	
weapon	Ｆ２Ｗキャノン（Ｓレンジ）	F2W Cannon (Short Range)	none		akurasu; OG2nd Gespenst Mk-II Type N	
weapon	ジェット・マグナム	Jet Magnum	none		canon attacks.tsv (MP Gespenst Mk-II)	
weapon	Ｆ２Ｗキャノン（Ｌレンジ）	F2W Cannon (Long Range)	none		akurasu; OG2nd Gespenst Mk-II Type N	
weapon	ジェット・マグナムＳ	Jet Magnum S	none		canon attacks.tsv (MP Gespenst Mk-II Kai)	
weapon	メガ・ブラスターキャノン	Mega Blaster Cannon	none		canon attacks.tsv (Gespenst Mk-II Type S)	
weapon	ジェット・ファントム	Jet Phantom	none		"akurasu; OG2nd Gespenst Mk-II Type G ""Jet Phantom"""	
weapon	ファンナウト・ミサイル	Fanout Missile	none		"akurasu; OG2nd Gespenst Mk-II Type C ""Fanning Missile"""	
weapon	ツイン・ビームカノン（速射）	Twin Beam Cannon (Rapid)	none		akurasu; OG2nd Gespenst Mk-II Type C	
weapon	ツイン・ビームカノン（集束）	Twin Beam Cannon (Focused)	none		akurasu; OG2nd Gespenst Mk-II Type C	
weapon	Ｈｉプラズマカッター	Hi-Plasma Cutter	none		"akurasu; OG2nd Gespenst Type RV ""Hi Plasma Cutter""; Hi- hyphen per canon"	
weapon	ヴァンピーア・レーザー	Vampir Laser	none		"canon attacks.tsv (Gespenst Type RV); OG2nd ""Vampire Laser"""	
weapon	メガ・バスターキャノン（単体攻撃）	Mega Buster Cannon (Single)	none		canon attacks.tsv Mega Buster Cannon (Gespenst Type RV); OG2nd (Single)	
weapon	メガ・バスターキャノン（全体攻撃）	Mega Buster Cannon (Group)	none		canon attacks.tsv Mega Buster Cannon; OG2nd (Group)	
weapon	スプリット・ビーム	Split Beam	none		canon attacks.tsv (Armorlion)	
weapon	ハード・ヒートホーン	Hard Heat Horn	none		canon attacks.tsv (Armorlion)	
weapon	スクエア・クラスター	Square Cluster	none		canon attacks.tsv (Armorlion)	
weapon	ソニック・ブーストキック	Sonic Boost Kick	none		canon attacks.tsv (Armorlion)	
weapon	マシンキャノン	Machine Cannon	none		canon attacks.tsv (Siegerlion etc.)	
weapon	ブレードレールガン	Blade Railgun	none		canon attacks.tsv (Siegerlion)	
weapon	ソニック・アクセラレーション	Sonic Acceleration	none		canon attacks.tsv (Siegerlion)	
weapon	Ｇ・サークルブラスター	G-Circle Blaster	none		canon attacks.tsv (Giganscudo)	
weapon	ギガント・ナックル	Gigante Knuckle	none		canon attacks.tsv (Giganscudo)	
weapon	ギガ・ワイドブラスター	Giga-Wide Blaster	none		canon attacks.tsv (Giganscudo)	
weapon	ジガンテ・ウンギア	Gigante Unghia	none		canon attacks.tsv (Giganscudo Duro)	
weapon	９０ｍｍＧＧキャノン	90mm GG Cannon	none		akurasu; OG2nd Altairlion	
weapon	ソニック・セイバー	Sonic Saber	none		"akurasu; OG2nd Altairlion ""Sonic Sabre"""	
weapon	ＣＴＭ‐０２スピキュール	CTM-02 Spicule	none		akurasu; OG2nd Altairlion	
weapon	ＣＴＭ‐０７プロミネンス	CTM-07 Prominence	none		akurasu; OG2nd Altairlion	
weapon	Ｇアクセルドライバー	G-Axel Driver	none		"akurasu; OG2nd ""G-axel Driver"""	
weapon	マニューバーＧＲａＭＸｓ	Maneuver GRaMXs	none		akurasu; OG2nd; cf. canon RaMVs/GRaMDs Maneuver	
weapon	１１０ｍｍＧＧキャノン	110mm GG Cannon	none		akurasu; OG2nd Vegalion	
weapon	ＣＴＭ‐０５プレアディス	CTM-05 Preadis	none		akurasu; OG2nd Vegalion	
weapon	Ｇブレイクドライバー	G-Break Driver	none		akurasu; OG2nd Vegalion	
weapon	ＣＴＭ‐０９セイファート	CTM-09 Seyfert	none		akurasu; OG2nd Vegalion	
weapon	ツインＧＧキャノン	Twin GG Cannon	none		akurasu; OG2nd Hyperion	
weapon	ＣＴＭ‐０７プロミネンスＷ	CTM-07 Prominence W	none		akurasu; OG2nd Hyperion (Prominence; W per JP)	
weapon	Ｇドライバー・Ｘコンビネーション	G-Driver X Combination	none		"akurasu; OG2nd Hyperion ""G-Driver and X combination"""	
weapon	ロール・キャノン	Roll Cannon	none		canon attacks.tsv (Fairlion)	
weapon	ボストーク・レーザー	Vostok Laser	none		canon attacks.tsv (Fairlion)	
weapon	ソニック・ドライバー	Sonic Driver	none		canon attacks.tsv (Fairlion)	
weapon	ロイヤル・ハート・ブレイカー	Royal Heart Breaker	exact	ロイヤルハートブレイカー		
weapon	ボックス・レールガン	Box Railgun	none		romanized; katakana loanwords	
weapon	ＭＴＤＭランチャー	MTDM Launcher	none		romanized; alphanumeric kept	
weapon	スーパー・ソニック・ブレイカー	Super Sonic Breaker	none		romanized; katakana loanwords; cf. canon Sonic Breaker	
weapon	ピーク・シューター	Peak Shooter	none		romanized?; ピーク may be Pique/Peek	
weapon	ダブル・ピーク・シューター	Double Peak Shooter	none		romanized?; see 734	
weapon	ターネイル・クラッシャー	Turnail Crusher	none		romanized?; no source	
weapon	ソニック・デストロイヤー	Sonic Destroyer	none		romanized; katakana loanwords	
weapon	ケルベロス・ストライク	Cerberus Strike	none		romanized; katakana loanwords; Cerberus per OG2nd	
weapon	キャスク・ミサイル	Cask Missile	none		romanized; katakana loanwords	
weapon	ＡＨＷＧＭランチャー	AHWGM Launcher	none		romanized; alphanumeric kept	
weapon	ノック・インアロウ	Knock-In Arrow	none		romanized?; ノック・インアロウ	
weapon	レールガン	Railgun	none		canon attacks.tsv (Lion Type F)	
weapon	ミサイルランチャー	Missile Launcher	none		romanized; katakana loanwords	
weapon	ビッグヘッド・レールガン	Bighead Railgun	none		romanized; katakana loanwords	
weapon	ツインヘッド・レールガン	Twinhead Railgun	none		romanized; katakana loanwords	
weapon	ソニック・ブレイカー	Sonic Breaker	none		canon attacks.tsv (Guarlion / Astelion)	
weapon	無明・二刀人機斬	Mumyou: Nitou Jinkizan	none		"romanized?; canon ""Mumyou""; rest Hepburn"	
weapon	クロスマッシャー	Cross Smasher	none		canon attacks.tsv クロスマッシャー (Valsione)	
weapon	メガ・グラビトンウェーブ	Mega Graviton Wave	none		romanized; katakana loanwords	
weapon	機銃	Machine Gun	none		romanized; plain translation	
weapon	主砲	Main Cannon	none		romanized; plain translation	
weapon	対空機関砲	AA Machine Gun	none		canon attacks.tsv (Hiryu Custom / Hagane); JP 対空機関砲	
weapon	連装ビーム砲	Multi-Beam Cannon	none		"canon? attacks.tsv (Hiryu Custom); JP 連装ビーム砲, OG2nd ""Beam Cannons"""	
weapon	対艦ミサイル	Anti-Ship Missile	none		canon attacks.tsv (Hiryu Custom)	
weapon	ＰＢＳフォーメーション	PBS Formation	none		romanized; alphanumeric kept	
weapon	ＶＬＳミサイルランチャー	VLS Missile Launcher	none		romanized; alphanumeric kept	
weapon	ターニング・ビーム	Turning Beam	none		romanized; katakana loanwords	
weapon	ＤＯＢキャノン	DOB Cannon	none		romanized; alphanumeric kept	
weapon	艦首魚雷	Torpedoes	none		"canon attacks.tsv (Hagane); JP 艦首魚雷, OG2nd ""Ship Bow Torpedo"""	
weapon	連装副砲	Secondary Batteries	none		canon attacks.tsv (Hagane); JP 連装副砲	
weapon	連装衝撃砲	Impact Cannons	none		canon attacks.tsv (Hagane); JP 連装衝撃砲	
weapon	トロニウム・バスターキャノン	Tronium Buster Cannon	none		canon attacks.tsv (Hagane)	
weapon	超大型回転衝角	Giant Rotating Ram	none		canon attacks.tsv (Kurogane)	
weapon	艦首超重力衝撃砲	Hypergravity Impact Cannon	none		"canon attacks.tsv (Hiryu Custom); OG2nd ""Gravity Shock Cannon"""	
weapon	ＥＡＡＭランチャー	EAAM Launcher	none		romanized; alphanumeric kept	
weapon	単装ビーム砲	Single Beam Cannon	none		romanized; plain translation	
weapon	ファー・ツリー・ブレード	Far Tree Blade	none		romanized?; katakana loanwords	
weapon	ボールド・ビームキャノン	Bold Beam Cannon	none		romanized; katakana loanwords	
weapon	対空機銃	AA Machine Gun	none		canon attacks.tsv (Hiryu Custom / Hagane); same English as 752	
weapon	ミサイル	Missile	none		romanized; plain translation	
weapon	斬艦刀・大車輪	Giant Swing	none		"canon attacks.tsv (DyGenGuar); OG2nd ""Zankanto, Large Wheel"""	
weapon	斬艦刀・雷光斬り	Lightning Slash	none		canon attacks.tsv (DyGenGuar)	
weapon	斬艦刀・雲燿の太刀	Flame Cloud Sword	none		"canon attacks.tsv (DyGenGuar); OG2nd ""Zankanto, Unyo's Sword"""	
weapon	ダイナミック・ナックル	Dynamic Knuckle	none		"akurasu; OG2nd DyGenGuar ""Dynamic Knuckle"""	
weapon	ゼネラル・ブラスター	General Blaster	none		"akurasu; OG2nd DyGenGuar ""General Blaster"""	
weapon	竜巻斬艦刀	Tornado Blade	exact	竜巻斬艦刀		
weapon	斬艦刀・牙壊	Fang Breaker	none		"akurasu; OG2nd DyGenGuar ""Zankanto, Fang Breaker"" (prefix dropped per canon style)"	
weapon	シュルター・プラッテ	Schulterplatte	none		canon attacks.tsv (Aussenseiter)	
weapon	ランツェ・カノーネ	Lanzenkanone	none		canon attacks.tsv (Aussenseiter)	
weapon	ランツェ・カノーネＷ	Lanzenkanone W	none		canon attacks.tsv (Aussenseiter)	
weapon	シュツルム・アングリフ	Sturmangriff	none		canon attacks.tsv (Aussenseiter)	
weapon	クライス・カノーネ	Kreiskanone	none		"akurasu?; OG2nd Aussenseiter ""Cricenkanone"" (typo)"	
weapon	ペインレス・ダガー	Painless Dagger	none		romanized; katakana loanwords	
weapon	マルチプライ・ブレード	Multiply Blade	none		romanized; katakana loanwords	
weapon	ソニック・ヒール	Sonic Heel	none		romanized; katakana loanwords	
weapon	アンカー・シークレイト・ソード　	Anchor Secrete Sword	none		romanized?; シークレイト	
weapon	ライズナ・ドロップ	Raizuna Drop	none		romanized?; no source	
weapon	ショート・シークレイト・ソード	Short Secrete Sword	none		romanized?; see 786	
weapon	ハーケン・インパルス	Haken Impulse	none		"akurasu; OG2nd RaiOh ""Harken Impulse""; Haken per JP"	
weapon	カウンター・ブレイク	Counter Break	none		"akurasu; OG2nd RaiOh ""Counter Blade""; JP says Break"	
weapon	ライトニング・フォール	Lightning Fall	none		"akurasu; OG2nd RaiOh ""Lightning Fall"""	
weapon	ライジング・メテオ	Rising Meteor	none		"akurasu; OG2nd RaiOh ""Rising Meteor"""	
weapon	ブラッディ・レイ	Bloody Ray	none		"akurasu; OG2nd Garmraid ""Bloody Ray"""	
weapon	ファング・ナックル	Fang Knuckle	none		"akurasu; OG2nd Garmraid ""Fang Knuckle"""	
weapon	サンダー・スピンエッジ	Thunder Spin Edge	none		akurasu; OG2nd Garmraid	
weapon	バーニング・ブレイカー	Burning Breaker	none		akurasu; OG2nd Garmraid	
weapon	ロウガ・クラッシャー	Louga Crasher	none		"akurasu; OG2nd Garmraid Blaze (G) ""Louga Crasher"""	
weapon	ライトニング・スピンエッジ	Lightning Spin Edge	none		akurasu; OG2nd Garmraid Blaze (G)	
weapon	ターミナス・ブラスター	Terminus Blaster	none		"akurasu; OG2nd Garmraid Blaze (G) ""Terminus Blaster"""	
weapon	エグゼキューション・レイド	Execution Raid	none		akurasu; OG2nd Garmraid Blaze (G)	
weapon	ＴＥスフィア・ブレイザー	TE Sphere Blazer	none		akurasu; OG2nd Garmraid Blaze (S)	
weapon	マシン・アニマリートレイド	Machine Animal Trade	none		akurasu?; OG2nd Garmraid Blaze (S)	
weapon	トリニティ・デッドエンド	Trinity Dead End	none		akurasu; OG2nd Garmraid Blaze (S)	
weapon	コーティング・ソード	Coating Sword	none		akurasu; OG2nd Cerberus	
weapon	マシンガン・ポッド	Machine Gun Pod	none		akurasu; OG2nd Cerberus	
weapon	ラディカル・レールガン	Radical Railgun	none		"akurasu; OG2nd Cerberus ""Radial Railgun""; JP says Radical"	
weapon	ターミナス・キャノン	Terminus Cannon	none		akurasu; OG2nd Cerberus	
weapon	コーティング・ソードＴｅＸ	Coating Sword TeX	none		"akurasu; OG2nd Cerberus Ignite (G) ""Coated Sword TeX"""	
weapon	レイガン・ポッド	Raygun Pod	none		akurasu; OG2nd Cerberus Ignite	
weapon	Ｈｏミサイル・ランチャー	Ho Missile Launcher	none		"akurasu; OG2nd Cerberus Ignite (G) ""High Missile Launcher""; JP says Ho"	
weapon	イグナイト・パイク	Ignite Pike	none		akurasu; OG2nd Cerberus Ignite (G)	
weapon	ケルベロス・ファング	Cerberus Fang	none		"akurasu; OG2nd Cerberus Ignite (G) ""Kerberos Fang"""	
weapon	ターミナス・スマッシャー	Terminus Smasher	none		akurasu; OG2nd Cerberus Ignite (S)	
weapon	ケルベレイド・バスター	Kerbereid Buster	none		akurasu; OG2nd Cerberus Ignite (S)	
weapon	ディバイデッド・ライフル	Divided Rifle	none		romanized; katakana loanwords	
weapon	スティング・アクセレレイション	Sting Acceleration	none		romanized; katakana loanwords	
weapon	スパイラル・ファング	Spiral Fang	none		romanized; katakana loanwords	
weapon	ライアット・ブーメラン	Riot Boomerang	none		romanized; katakana loanwords	
weapon	ターミナス・ブレイザー	Terminus Blazer	none		romanized; katakana loanwords; cf. Terminus Blaster	
weapon	ヘブン・アクセレレイション	Heaven Acceleration	none		romanized; katakana loanwords	
weapon	ダブル・ファング・ナックル	Double Fang Knuckle	none		romanized; katakana loanwords	
weapon	サンダーボルト・スピンエッジ	Thunderbolt Spin Edge	none		romanized; katakana loanwords	
weapon	ターミナス・デストロイヤー	Terminus Destroyer	none		romanized; katakana loanwords	
weapon	ケルベルス・エクスキュージョン	Cerberus Execution	none		romanized?; エクスキュージョン	
weapon	ダブル・ガナリーＥ	Double Gunnery E	none		romanized?; ガナリー read as Gunnery	
weapon	ダブル・ガナリーＷ	Double Gunnery W	none		romanized?; see 825	
weapon	インラージメントＶＸ	Enlargement VX	none		romanized?; インラージメント	
weapon	インラージメントＭＸ	Enlargement MX	none		romanized?; see 827	
weapon	クロス・メディウス・ロクス	Cross Medius Locus	none		romanized; Latin	
weapon	Ａｌｌ　Ｉｎ　１	All In 1	none		romanized; alphanumeric kept	
weapon	オーバー・ビーム	Overbeam	none		"canon attacks.tsv (Compatible Kaiser); OG2nd ""Over-Beam"""	
weapon	スパイラルナックル	Spiral Knuckle	none		canon attacks.tsv (Compatible Kaiser)	
weapon	カイザー・ブーメラン	Kaiser Boomerang	none		canon attacks.tsv (Compatible Kaiser)	
weapon	カイザー・バースト	Kaiser Burst	none		canon attacks.tsv (Compatible Kaiser)	
weapon	カイザー・トルネード	Kaiser Tornado	none		canon attacks.tsv (Compatible Kaiser)	
weapon	ショルダー・キャノン	Shoulder Cannon	none		akurasu; OG2nd G-Compatible Kaiser	
weapon	ダブル・スパイラルナックル	Double Spiral Knuckle	none		akurasu; OG2nd G-Compatible Kaiser	
weapon	ファイヤー・ドラゴン	Fire Dragon	none		akurasu; OG2nd G-Compatible Kaiser	
weapon	オーバー・カイザー・ソード	Over Kaiser Sword	none		akurasu; OG2nd G-Compatible Kaiser	
weapon	Ｇミサイル	G-Missile	none		"akurasu; OG2nd G-Thundergate ""G Missile"""	
weapon	サンダー・スマッシャー	Thunder Smasher	none		akurasu; OG2nd G-Thundergate	
weapon	ゲート・ブレイカー	Gate Breaker	none		akurasu; OG2nd G-Thundergate	
weapon	ファースト・ラッシュ	First Rush	none		"akurasu?; OG2nd Fighter Roar ""Fist Rush""; JP says First"	
weapon	ファイター・ビームガン	Fighter Beamgun	none		akurasu; OG2nd Fighter Roar	
weapon	ファイター・ビームボゥ	Fighter Beambow	none		akurasu; OG2nd Fighter Roar	
weapon	ファイヤー・レーサー	Fire Racer	none		"akurasu?; OG2nd Fighter Roar ""Fighter Racer""; JP says Fire"	
weapon	Ｇビーム	G-Beam	none		akurasu; OG2nd G-Bankaran	
weapon	バン・パンチ	Ban Punch	none		akurasu; OG2nd G-Bankaran	
weapon	カラン・キック	Karan Kick	none		akurasu; OG2nd G-Bankaran	
weapon	８７１０式龍虎射連打	8710 Dragon and Tiger Barrage	none		akurasu; OG2nd G-Bankaran	
weapon	烈火刃	Blazer Knives	none		"canon attacks.tsv (Vaisaga); OG2nd ""Flame Blade"""	
weapon	水流爪牙	Tidal Claws	none		canon attacks.tsv (Vaisaga)	
weapon	地斬疾空刀	Seismic Slicer	none		canon attacks.tsv (Vaisaga)	
weapon	風刃閃	Storm Edge	none		canon attacks.tsv (Vaisaga)	
weapon	奥義・光刃閃	Radiant Blade	none		canon attacks.tsv (Vaisaga)	
weapon	青龍鱗	Blue Dragon Scale	none		akurasu; OG2nd Soulgain	
weapon	白虎咬	Byakko Bite	none		akurasu; OG2nd Soulgain	
weapon	玄武金剛弾	Genbu Bullet	none		akurasu; OG2nd Soulgain	
weapon	舞朱雀	Suzaku Dance	none		akurasu; OG2nd Soulgain	
weapon	麒麟	Kirin	none		akurasu; OG2nd Soulgain	
weapon	ファイア・ダガー	Fire Dagger	none		canon attacks.tsv (Ashsaviour)	
weapon	ハルバート・ランチャー	Halberd Launcher	none		canon attacks.tsv (Ashsaviour)	
weapon	ソードブレイカー	Swordbreakers	none		canon attacks.tsv (Ashsaviour)	
weapon	ミラージュ・ソード	Mirage Sword	none		canon attacks.tsv (Angelg)	
weapon	シャドウ・ランサー	Shadow Lancer	none		canon attacks.tsv (Angelg)	
weapon	ミラージュ・サイン	Mirage Sign	none		canon attacks.tsv (Angelg)	
weapon	イリュージョン・アロー	Illusion Arrow	none		canon attacks.tsv (Angelg)	
weapon	ファントム・フェニックス	Phantom Phoenix	none		canon attacks.tsv (Angelg)	
weapon	マトリクス・ミサイル	Matrix Missiles	none		canon attacks.tsv Matrix Missiles A/M (Razangriff / Randgriz)	
weapon	ファランクス・ミサイル	Phalanx Missiles	none		canon attacks.tsv (Razangriff / Randgriz)	
weapon	ヘビィ・リニアライフル	Heavy Linear Rifle	none		canon attacks.tsv (Razangriff Raven)	
weapon	ツイン・ソリッドカノン	Twin Solid Cannons	none		canon attacks.tsv (Razangriff Raven)	
weapon	集束荷電粒子砲	Charged Particle Beam	none		"canon attacks.tsv (Razangriff Raven); OG2nd ""Convergence Particle Cannon"""	
weapon	リニアライフル	Linear Rifle	none		canon attacks.tsv (Randgriz Raven)	
weapon	ツイン・リニアカノン	Twin Linear Cannons	none		canon attacks.tsv (Randgriz Raven)	
weapon	カロリックミサイル	Caloric Missile	none		canon attacks.tsv (Cybuster / Cybird)	
weapon	サイフラッシュ	Cyflash	none		canon attacks.tsv (Cybuster / Cybird)	
weapon	ハイファミリア	High Familiar	none		canon attacks.tsv (Cybuster / Cybird)	
weapon	ディスカッター	Discutter	none		canon attacks.tsv (Cybuster)	
weapon	アカシックバスター	Akashic Buster	none		canon attacks.tsv (Cybuster)	
weapon	コスモノヴァ	Cosmo Nova	none		"canon attacks.tsv (Cybuster); OG2nd ""Cosmic Nova"""	
weapon	乱舞の太刀	Ranbu no Tachi	none		"akurasu; OG2nd Cybuster ""Ranbu no Tachi"""	
weapon	バニティリッパー	Vanity Ripper	none		"akurasu; OG2nd Cybuster ""Vanity Ripper"""	
weapon	サイコブラスター	Psychoblaster	none		canon attacks.tsv (Valsione)	
weapon	クロスソーサー	Cross Saucer	none		"akurasu?; OG2nd Valsione R ""Crossaucer"" (typo)"	
weapon	円月殺法	Full Moon Killing	none		"akurasu?; OG2nd Valsione R ""Full Moon Killing"""	
weapon	ケルヴィンブリザード	Kelvin Blizzard	none		"akurasu; OG2nd Gaddess ""Kelvin Blizzard"""	
weapon	グングニール	Gungnir	none		akurasu; OG2nd Gaddess	
weapon	ハイドロプレッシャー	Hydro Pressure	none		akurasu; OG2nd Gaddess	
weapon	フェンリルクラッシュ	Fenrir Crush	none		akurasu; OG2nd Gaddess	
weapon	メギドフレイム	Megiddo Flame	none		akurasu; OG2nd Granveil	
weapon	フレイムカッター	Flame Cutter	none		akurasu; OG2nd Granveil	
weapon	カロリックスマッシュ	Caloric Smash	none		akurasu; OG2nd Granveil	
weapon	火風青雲剣	Fiery Blue Cloud	none		"akurasu?; OG2nd Granveil ""Fiery Blue Cloud"""	
weapon	パルスレーザー	Pulse Laser	none		akurasu; OG2nd Granveil	
weapon	レゾナンスクエイク	Resonance Quake	none		"akurasu?; OG2nd Zamzeed ""Resonance Square""; JP says Quake"	
weapon	ハイパープラズマソード	Hyper Plasma Sword	none		akurasu; OG2nd Zamzeed	
weapon	超振動拳	Super Vibrating Fist	none		akurasu; OG2nd Zamzeed	
weapon	リニアレールガン	Linear Railgun	none		akurasu; OG2nd Zamzeed	
weapon	五郎入道正宗	Goro Nyudou Masamune	none		"akurasu; OG2nd Zamzeed ""Goro Nyudou Masamune"""	
weapon	ローズカッター	Rose Cutter	none		akurasu; OG2nd Wizol	
weapon	ドライシュトラール	Dry Straal	none		"akurasu?; OG2nd Wizol ""Dry Straal""; German Drei Strahl"	
weapon	アストラルバスター	Astral Buster	none		akurasu; OG2nd Wizol	
weapon	エレメンタルフュージョン	Elemental Fusion	none		akurasu; OG2nd Wizol	
weapon	ビームキャノン	Beam Cannon	none		canon attacks.tsv (SF-29 Rangzen); OG2nd Jaohm	
weapon	ギガソートカノン	Gigasort Cannon	none		"akurasu; OG2nd Galguard ""Gigasort Cannon"""	
weapon	メガビームキャノン	Mega Beam Cannon	none		romanized; katakana loanwords	
weapon	ブラッシュブレード	Brush Blade	none		"akurasu; OG2nd Galguard ""Brush Blade"""	
weapon	黒き霹靂	Black Lightning	none		akurasu; OG2nd Galguard	
weapon	プラズマソード	Plasma Sword	none		canon attacks.tsv (Excellence Flyer)	
weapon	くるみ割り人形	Nutcracker	none		akurasu; OG2nd Diablo	
weapon	リッパークロー	Ripper Claw	none		akurasu; OG2nd Norse	
weapon	ブラス・ナックル	Brass Knuckle	none		akurasu; OG2nd Norse	
weapon	イビルアイ	Evil Eye	none		akurasu; OG2nd Norse	
weapon	エンジェルウィスパー	Angel Whisper	none		akurasu; OG2nd Norse Ray	
weapon	ガトリングガン	Gatling Gun	none		romanized; katakana loanwords	
weapon	ハイパーレールガン	Hyper Railgun	none		romanized; katakana loanwords	
weapon	誘導ミサイル	Homing Missile	none		canon attacks.tsv Homing Missile; JP 誘導ミサイル	
weapon	超振動クロー	Super Vibrating Claw	none		romanized; plain; cf. Super Vibrating Fist	
weapon	バスターキャノン	Buster Cannon	none		romanized; katakana loanwords	
weapon	タオーステイル	Tao Stail	none		romanized?; タオーステイル	
weapon	メガスマッシャー	Mega Smasher	none		romanized; katakana loanwords	
weapon	ライトニングプレッシャー	Lightning Pressure	none		romanized; katakana loanwords	
weapon	グランドナパーム	Grand Napalm	none		romanized; katakana loanwords	
weapon	ウェーブパニッシャー	Wave Punisher	none		romanized; katakana loanwords	
weapon	トルネードアタック	Tornado Attack	none		romanized; katakana loanwords	
weapon	対空ミサイル	Anti-Air Missile	none		romanized; plain translation	
weapon	バルカン	Vulcan	none		romanized; katakana loanword	
weapon	無反動バズーカ	Recoilless Bazooka	none		"akurasu?; OG2nd Rujanor Custom ""No Reaction Bazooka"""	
weapon	ロケットハンマー	Rocket Hammer	none		akurasu; OG2nd Rujanor Custom	
weapon	６０ｍｍ機銃	60mm Machine Gun	none		romanized; plain translation	
weapon	高射砲	Anti-Aircraft Gun	none		romanized; plain translation	
weapon	５００ｍｍキャノン	500mm Cannon	none		romanized; katakana loanwords	
weapon	バリオン・ビーム砲	Baryon Beam Cannon	none		romanized; katakana loanwords	
weapon	プラズマティックブレード	Plasmatic Blade	none		romanized; katakana loanwords	
weapon	ハイパーソニックウェーブ	Hypersonic Wave	none		romanized; katakana loanwords	
weapon	鉤爪	Hooked Claw	none		romanized; plain translation	
weapon	浄化の焔	Purifying Flame	none		romanized; plain translation	
weapon	ビッグバンウェーブ	Big Bang Wave	none		romanized; katakana loanwords	
weapon	中性子ビーム	Neutron Beam	none		canon attacks.tsv (Gespenst Type R)	
weapon	ハイパービームキャノン	Hyper Beam Cannon	exact	ハイパー・ビームキャノン		
weapon	ソード	Sword	none		romanized; katakana loanword	
weapon	パルスバルカン	Pulse Vulcan	none		romanized; katakana loanwords	
weapon	サンダーボール	Thunder Ball	none		romanized; katakana loanwords	
weapon	多弾頭ミサイル	Multi-Warhead Missile	none		romanized; plain translation	
weapon	パルスクラスター	Pulse Cluster	none		romanized; katakana loanwords	
weapon	岩つぶて	Rock Barrage	none		romanized; plain translation	
weapon	死の叫び	Death Cry	none		romanized; plain translation	
weapon	パワーナックル	Power Knuckle	none		romanized; katakana loanwords	
weapon	ファントムビュレット	Phantom Bullet	none		romanized; katakana loanwords	
weapon	プラグマティックブレード	Pragmatic Blade	none		romanized; katakana loanwords	
weapon	グラッジヘイル	Grudge Hail	none		romanized; katakana loanwords	
weapon	ナックルパート	Knuckle Part	none		romanized; katakana loanwords	
weapon	ジェネリックレーザー	Generic Laser	none		romanized; katakana loanwords	
weapon	ジャベリン	Javelin	none		romanized; katakana loanword	
weapon	ガトリングキャノン	Gatling Cannon	none		romanized; katakana loanwords	
weapon	ラピッド・ガン	Rapid Gun	none		romanized; katakana loanwords	
weapon	ガトリング・ビーム	Gatling Beam	none		romanized; katakana loanwords	
weapon	ダブルバルカン	Double Vulcan	none		romanized; katakana loanwords	
weapon	イオンビーム砲	Ion Beam Cannon	none		romanized; katakana loanwords	
weapon	マスドライバーキャノン	Mass Driver Cannon	none		"akurasu; OG2nd Graterkin II ""Mass Driver Cannon"""	
weapon	レーザーバルカン	Laser Vulcan	none		romanized; katakana loanwords	
weapon	スプレッドミサイル	Spread Missile	none		romanized; katakana loanwords	
weapon	レーザーソード	Laser Sword	none		romanized; katakana loanwords	
weapon	メガビームランチャー	Mega Beam Launcher	none		romanized; katakana loanwords	
weapon	大口径ビーム砲	Large Caliber Beam Cannon	none		akurasu; OG2nd Graterkin II	
weapon	ランチャーミサイル	Launcher Missile	none		romanized; katakana loanwords	
weapon	デュアルレーザーソード	Dual Laser Sword	none		romanized; katakana loanwords	
weapon	ダブルキャノン	Double Cannon	none		romanized; katakana loanwords	
weapon	ドライバーキャノン	Driver Cannon	none		romanized; katakana loanwords	
weapon	ツインレーザーソード	Twin Laser Sword	none		romanized; katakana loanwords	
weapon	レーザーキャノン	Laser Cannon	none		romanized; katakana loanwords	
weapon	レーザーガン	Laser Gun	none		romanized; katakana loanwords	
weapon	ロングレーザーソード	Long Laser Sword	none		romanized; katakana loanwords	
weapon	ギガブラスター	Giga Blaster	none		"akurasu; OG2nd Forte Gigas ""Giga Blaster"""	
weapon	連装ミサイル	Twin Missiles	none		romanized; plain translation	
weapon	２連ビーム砲	Double Beam Cannon	none		romanized; plain translation	
weapon	バニッシュゲイザー	Vanish Gazer	none		romanized; katakana loanwords	
weapon	ツインドライバーキャノン	Twin Driver Cannon	none		romanized; katakana loanwords	
weapon	プラズマリーダー	Plasma Leader	none		romanized?; プラズマリーダー	
weapon	ゲインシューター	Gain Shooter	none		romanized; katakana loanwords	
weapon	高周波ソード	High-Frequency Sword	none		canon attacks.tsv (Excellence Cosmo-Driver)	
weapon	ネオサンダークラッシュ	Neo Thunder Crash	none		"akurasu; OG2nd Graterkin II ""Neo Thunder Crash"""	
weapon	トライドライバー	Tri Driver	none		romanized; katakana loanwords	
weapon	マイクロミサイル	Micro Missile	none		canon attacks.tsv (Mironga)	
weapon	イリュージョンソーサー	Illusion Saucer	none		romanized?; イリュージョンソーサー	
weapon	小型ミサイル	Small Missile	none		romanized; plain translation	
weapon	大型ミサイル	Large Missile	none		romanized; plain translation; cf. canon unit Large Missile	
weapon	荷電粒子ビーム	Charged Particle Beam	none		canon attacks.tsv (Razangriff Raven); same English as 873	
weapon	メガグラビトンウェーブ	Mega Graviton Wave	none		romanized; katakana loanwords	
weapon	サイファー・ガン	Cypher Gun	none		akurasu; OG2nd Aile Chevalier	
weapon	サイファー・ソード	Cypher Sword	none		akurasu; OG2nd Aile Chevalier	
weapon	インパルス・キャノン	Impulse Cannon	none		akurasu; OG2nd Aile Chevalier	
weapon	バースト・レイヴ	Burst Rave	none		akurasu; OG2nd Aile Chevalier	
weapon	ネオ・インパルス・キャノン	Neo Impulse Cannon	none		akurasu; OG2nd Geant Chevalier	
weapon	ブレード・ビット	Blade Bit	none		akurasu; OG2nd Geant Chevalier	
weapon	ネオ・サイファー・ソード	Neo Cypher Sword	none		akurasu; OG2nd Geant Chevalier	
weapon	クロー・アンカー・バースト	Claw Anchor Burst	none		akurasu; OG2nd Geant Chevalier	
weapon	ヴェクター・ガン	Vector Gun	none		akurasu; OG2nd Blanche Neige	
weapon	フォース・バスター	Force Buster	none		akurasu; OG2nd Blanche Neige	
weapon	ナイト・ディメンション	Night Dimension	none		"akurasu?; OG2nd Blanche Neige ""Ars Nova""; JP reads Night Dimension"	
weapon	ライン・ロック・ランチャー	Line Lock Launcher	none		akurasu; OG2nd Blanche Neige	
weapon	ヴェクター・ミサイル	Vector Missile	none		akurasu; OG2nd Dea Blanche Neige	
weapon	クアドラプル・キャノン	Quadruple Cannon	none		akurasu; OG2nd Dea Blanche Neige	
weapon	アクティブ・ビット	Active Bit	none		akurasu; OG2nd Dea Blanche Neige	
weapon	ガーディアン・ブレード	Guardian Blade	none		akurasu; OG2nd Dea Blanche Neige	
weapon	レイヴ・レーザー	Rave Laser	none		akurasu; OG2nd Dea Blanche Neige	
weapon	ニュートロン・バスター	Neutron Buster	none		akurasu; OG2nd Dea Blanche Neige	
weapon	ムーン・サークル	Moon Circle	none		akurasu; OG2nd Forte Gigas	
weapon	ギガ・ブラスター	Giga Blaster	none		akurasu; OG2nd Forte Gigas	
weapon	ストーム・ブレード	Storm Blade	none		akurasu; OG2nd Forte Gigas	
weapon	コンビネーション・デュエル	Combination Duel	none		akurasu; OG2nd Forte Gigas	
weapon	ライアット・バスター	Riot Buster	none		akurasu; OG2nd Forte Gigas	
weapon	サギッタ・ルーメン	Sagitta Lumen	none		"akurasu; OG2nd Fabularis ""Sagittae Lumen""; Latin"	
weapon	ディール・プティオー	Diel Putio	none		romanized?; Latin-style; no source	
weapon	ウィリテ・グラディウス	Virite Gladius	none		"akurasu?; OG2nd Fabularis ""White Gladius""; Latin"	
weapon	カリドゥム・サギッタ	Calidum Sagitta	none		romanized; Latin	
weapon	カオス・ラディウス	Chaos Radius	none		romanized; Latin/English	
weapon	グラウェ・フランマ	Grave Flamma	none		romanized; Latin	
weapon	エクスハラティオー	Exhalatio	none		romanized; Latin	
weapon	フォルテ・アルム	Forte Arum	none		romanized?; Latin-style; no source	
weapon	ウェルテクス	Vertex	none		romanized; Latin	
weapon	ウィース・グランデ	Vis Grande	none		romanized?; Latin-style	
weapon	アキドゥス	Acidus	none		romanized; Latin	
weapon	ファタ・モルガナ	Fata Morgana	none		romanized; Latin	
weapon	コルヌーテルム	Cornutelum	none		romanized?; Latin	
weapon	アートルム・ネブラ	Atrum Nebula	none		romanized; Latin	
weapon	ステルラ・プルウィア	Stella Pluvia	none		"akurasu?; OG2nd Fabularis ""Stella Bruvia""; Latin pluvia"	
weapon	コンゲラティオー	Congelatio	none		"akurasu; OG2nd Fabularis ""Congellatio"""	
weapon	ラピドゥス・ラディウス	Rapidus Radius	none		akurasu; OG2nd Studium	
weapon	ドラコ・フォルフェクス	Draco Forfex	none		"romanized?; Latin; OG2nd Studium ""Draco Vortex"""	
weapon	ドラコ・クラーウィス	Draco Clavis	none		"akurasu?; OG2nd Studium ""Draco Krawis"""	
weapon	パルスアロー	Pulse Arrow	none		romanized; katakana loanwords	
weapon	チェイサーミサイル	Chaser Missile	none		romanized; katakana loanwords	
weapon	ビームブレード	Beam Blade	none		romanized; katakana loanwords	
weapon	アームショット	Arm Shot	none		romanized; katakana loanwords	
weapon	ショルダーミサイル	Shoulder Missile	none		romanized; katakana loanwords	
weapon	ボールハンマー	Ball Hammer	none		romanized; katakana loanwords	
weapon	テールシザース	Tail Scissors	none		romanized; katakana loanwords	
weapon	ミサイルピック	Missile Pick	none		romanized; katakana loanwords	
weapon	ヘヴィークラッシュ	Heavy Crash	none		romanized; katakana loanwords	
weapon	テネブラエ	Tenebrae	none		romanized; Latin	
weapon	ウルティムム	Ultimum	none		romanized; Latin	
weapon	オルクス・テレブラー	Orcus Terebra	none		romanized?; Latin	
weapon	エデッセサペレ	Edessesapere	none		romanized?; no source	
weapon	エデン・ゲルーシュ	Eden Gerush	none		romanized?; Hebrew-style; no source	
weapon	イドオニー・ザアム・カーラー	Idoni Zaam Kara	none		romanized?; Hebrew-style; no source	
weapon	エルヨウン・イェダ・ドーマー	Elyon Yeda Domar	none		romanized?; Hebrew-style; no source	
weapon	ウェイスト・スマッシャー（単体）	Waste Smasher (Focused)	none		akurasu; OG2nd Excellence Rescue (Focused); JP 単体	
weapon	ウェイスト・スマッシャー（全体）	Waste Smasher (Spread)	none		akurasu; OG2nd Excellence Rescue (Spread); JP 全体	
weapon	ギガント・クラッシャー	Gigant Crusher	none		"canon attacks.tsv Gigant Crusher Arm (Excellence Striker); OG2nd ""Giant Crusher"""	
weapon	ＦＴレールガン	FT Railgun	none		romanized; alphanumeric kept	
weapon	ヨツン・カーバー	Yotun Carver	none		romanized?; ヨツン	
weapon	グラビトロンカノン	Gravitron Cannon	none		"akurasu; OG2nd Granzon ""Gravitron Cannon"""	
weapon	グランワームソード	Grand Worm Sword	none		akurasu; OG2nd Granzon	
weapon	ワームスマッシャー	Worm Smasher	none		akurasu; OG2nd Granzon	
weapon	ブラックホールクラスター	Black Hole Cluster	none		akurasu; OG2nd Granzon	
spirit	偵察	Scan	exact	偵察		
spirit	集中	Focus	exact	集中		
spirit	必中	Bullseye	exact	必中		
spirit	感応	Attune	exact	感応		
spirit	ひらめき	Flash	exact	ひらめき		
spirit	直感	Sense	exact	直感		
spirit	かく乱	Disrupt	exact	かく乱		
spirit	加速	Accelerate	exact	加速		
spirit	狙撃	Snipe	exact	狙撃		
spirit	突撃	Charge	exact	突撃		
spirit	同調	Sync	exact	同調		
spirit	熱血	Valor	exact	熱血		
spirit	魂	Soul	exact	魂		
spirit	闘志	Mettle	exact	闘志		
spirit	幸運	Luck	exact	幸運		
spirit	祝福	Bless	exact	祝福		
spirit	努力	Gain	exact	努力		
spirit	応援	Cheer	exact	応援		
spirit	修行	Earn	exact	修行		
spirit	強襲	Violent Assault	exact	強襲		
spirit	愛	Love	exact	愛		
spirit	直撃	Pierce	exact	直撃		
spirit	鉄壁	Wall	exact	鉄壁		
spirit	信念	Belief	exact	信念		
spirit	不屈	Persist	exact	不屈		
spirit	連撃	Blitz	exact	連撃		
spirit	覚醒	Zeal	exact	覚醒		
spirit	再動	Enable	exact	再動		
spirit	信頼	Trust	exact	信頼		
spirit	友情	Faith	exact	友情		
spirit	絆	Bond	exact	絆		
spirit	根性	Vigor	exact	根性		
spirit	ド根性	Guts	exact	ド根性		
spirit	祈り	Prayer	exact	祈り		
spirit	てかげん	Mercy	exact	てかげん		
spirit	気合	Spirit	exact	気合		
spirit	気迫	Drive	exact	気迫		
spirit	激励	Rouse	exact	激励		
spirit	大激励	Rally	exact	大激励		
spirit	脱力	Daunt	exact	脱力		
spirit	期待	Hope	exact	期待		
spirit	補給	Resupply	exact	補給		
skill	念動力	Telekinesis	exact	念動力		
skill	ラッキー	Lucky	exact	ラッキー		
skill	底力	Potential	exact	底力		
skill	援護攻撃	Support Attack	exact	援護攻撃		
skill	援護防御	Support Defend	exact	援護防御		
skill	カウンター	Counter	exact	カウンター		
skill	インファイト	In-Fighter	exact	インファイト		
skill	ガンファイト	Gunfighter	exact	ガンファイト		
skill	ＳＰアップ	SP Up	exact	SPアップ		
skill	指揮官	Commander	exact	指揮官		
skill	連続攻撃	Continuous Attack	none		"akurasu; OG2nd Pilot Skills ""Continuous Attack"""	
skill	ＳＰ回復	SP Regen	exact	SP回復		
skill	集中力	Concentrate	exact	集中力		
skill	ヒット＆アウェイ	Hit & Run	exact	ヒット&アウェイ		
skill	天才	Genius	exact	天才		
skill	アタッカー	Attacker	exact	アタッカー		
skill	リベンジ	Revenge	exact	リベンジ		
skill	予知	Precognition	exact	予知		
skill	強運	Fortunate	exact	強運		
skill	見切り	Predict	exact	見切り		
skill	Ｅセーブ	E. Save	exact	Eセーブ		
skill	Ｂセーブ	B. Save	exact	Bセーブ		
skill	ラーニング	Learner	exact	ラーニング		
skill	闘争心	Resolve	exact	闘争心		
skill	戦意高揚	Morale	exact	戦意高揚		
skill	気力＋（回避）	Will+ (Evade)	exact	気力+(回避)		
skill	気力＋（命中）	Will+ (Accuracy)	exact	気力+(命中)		
skill	気力＋（ダメージ）	Will+ (Damaged)	exact	気力+(ダメージ)		
skill	気力＋（撃破）	Will+ (Kill)	exact	気力+(撃破)		
skill	連携攻撃	Assist Attacker	exact	連携攻撃		
skill	集束攻撃	Focused Attacker	exact	集束攻撃		
skill	ガード	Guard	exact	ガード		
skill	気力限界突破	Break Will Limit	exact	気力限界突破		
skill	修理技能	Mechanic	exact	修理技能		
skill	補給技能	Resupply	exact	補給技能		
skill	２回行動	Double Action	none		romanized?; plain translation; cf. Continuous Action	
skill	ＥＸＰアップ	EXP Up	exact	EXPアップ		
skill	再攻撃	Attack Again	none		"akurasu; OG2nd Pilot Skills ""Attack Again"""	
skill	超能力	ESP	none		"akurasu; OG2nd Pilot Skills ""ESP"""	
skill	統率	Leadership	none		"akurasu; OG2nd Pilot Skills ""Leadership"""	
skill	パイロット	Pilot	none		romanized; plain translation	
skill	連続行動	Continuous Action	none		"akurasu; OG2nd Pilot Skills ""Continuous Action"""	
