jp	en	game	notes
Ｒ－１	R-1	both	SRX Project; transforms to R-Wing
Ｒウィング	R-Wing	both	R-1 flight form
Ｒ－２	R-2	OGs	
Ｒ－２パワード	R-2 Powered	both	
Ｒ－３	R-3	OGs	
Ｒ－３パワード	R-3 Powered	both	
ＳＲＸ	SRX	both	R-1 + R-2 Powered + R-3 Powered
Ｒ－ＧＵＮ	R-Gun	OGs	Akurasu Mech List "R-Gun"; Full Upgrade page "R-GUN"
Ｒ－ＧＵＮパワード	R-Gun Powered	both	
R-GUNリヴァーレ	R-Gun Rivale	OGs	Aerogator; Skill Point page "R-Gun Rival"
アルブレード	R-Blade	both	Akurasu OGs/OGG Mech List "R-Blade"; Max Upgrade/Twin pages "Arblade" (see gaps.md)
ART-1	ART-1	both	Transforms to ART-Wing
ARTウィング	ART-Wing	both	
アルトアイゼン	Alteisen	OGs	ATX
アルトアイゼン・ナハト	Alteisen Nacht	OGs	
アルトアイゼン・リーゼ	Alteisen Riese	both	
ヴァイスリッター	Weissritter	OGs	
ライン・ヴァイスリッター	Rein Weissritter	both	Skill Point page "Rein Weißritter"
ビルトビルガー	Wildwurger	both	Full Upgrade page "Wildwürger"
ビルトビルガー・タイプL	Wildwurger Type-L	both	
ビルトファルケン	Wildfalken	both	
ビルトファルケン・タイプL	Wildfalken Type-L	OGs	
ゲシュペンスト・タイプR	Gespenst Type R	OGs	
ゲシュペンスト・タイプS	Gespenst Type S	OGs	Aerogator (Galuin)
ゲシュペンスト・タイプRV	Gespenst Type-RV	both	Gilliam
ゲシュペンストMk-II・タイプR	Gespenst Mk-II Type R	both	Akurasu also "Gespenst Mk. II-R"
ゲシュペンストMk-II・タイプS	Gespenst Mk-II Type S	both	
量産型ゲシュペンストMk-II	Mass-Production Gespenst Mk-II	both	Also abbreviated "MP Gespenst Mk-II" (Akurasu OGs Pilot DB; camd11 OGG screenshot uses "MP Gespenst Mk-II")
量産型ゲシュペンストMk-II改	Mass-Production Gespenst Mk-II Kai	OGG	Akurasu OGG Mech List; "MP Gespenst Mk-II Kai"
ゲシュペンストMk-IIタイプTT	Gespenst Mk-II Type TT	OGs	
ヒュッケバイン008L	Huckebein 008L	both	Akurasu Mech List "Huckebein"; Pilot DB/Full Upgrade "Hückebein"
ヒュッケバイン009	Huckebein 009	OGs	
ヒュッケバイン	Huckebein	both	Rebuilt 008L (OGs2+)
ヒュッケバインMk-II	Huckebein Mk-II	both	
ヒュッケバインMk-IIトロンベ	Huckebein Mk-II Trombe	OGs	
量産型ヒュッケバインMk-II	Mass-Production Huckebein Mk-II	both	"MP Huckebein Mk-II"
ヒュッケバインMk-III・タイプL	Huckebein Mk-III Type-L	both	
ヒュッケバインMk-III・タイプR	Huckebein Mk-III Type-R	both	
ヒュッケバインMk-III・トロンべ	Huckebein Mk-III Trombe	OGs	
AMガンナー	AM Gunner	both	
ヒュッケバインガンナー・タイプL	Huckebein Gunner Type-L	both	
ヒュッケバインガンナー・タイプR	Huckebein Gunner Type-R	both	
ヒュッケバインボクサータイプL	Huckebein Boxer Type-L	both	
ヒュッケバインボクサータイプR	Huckebein Boxer Type-R	both	
シュッツバルト	Schutzwald	both	
ビルトシュバイン	Wildschwein	both	
ビルトラプター	Wildraubtier	both	
ビルトラプター（フライヤーモード）	Wildraubtier (FM)	both	Flyer Mode
リオン	Lion	both	Armored Module
リオン・タイプF	Lion Type F	both	
リオン・タイプT	Lion Type-T	OGs	
リオン・タイプV	Lion Type V	both	
コスモリオン	Cosmolion	both	
コスモリオン・タイプF	Cosmolion Type F	both	
コスモリオン・タイプV	Cosmolion Type V	OGs	
ランドリオン	Landlion	both	
シーリオン	Sealion	both	
バレリオン	Barrelion	both	
バレリオン・タイプV	Barrelion Type V	both	Also "Barrelion V"
バレリオン・カスタム	Barrelion Custom	OGs	
ヘビーバレリオン	Heavy Barrelion	both	
ガーリオン	Guarlion	both	
ガーリオンLB	Guarlion LB	both	
ガーリオン・カスタム	Guarlion Custom	both	
ガーリオン・カスタム"無明"	Guarlion Custom "Mumyou"	both	Akurasu Mech List "Mumyou"; Units List "Mumyo"; Enemy DB "Avidya"
ガーリオン・トロンベ	Guarlion Trombe	OGs	Units List: Guarlion Custom "Trombe"
アーマリオン	Armorlion	both	
ズィーガリオン	Siegerlion	both	Full Upgrade page "Sieguarlion"
フェアリオン・タイプG	Fairlion Type-G	both	
フェアリオン・タイプS	Fairlion Type-S	both	
カリオン	Calion	both	
アステリオン	Astelion	OGs	
アステリオンAX	Astelion AX	both	
ヴァルシオン	Valsion	OGs	
ヴァルシオン改	Valsion Custom	both	Akurasu OGs Mech List "Valsion Custom"; Skill Point page "Valsion Kai"
ヴァルシオン改・タイプCF	Valsion Custom Type CF	both	Akurasu Mech List "Valsion Kai Type-CF"; Units List "Valsion Custom Type CF"
ヴァルシオーネ	Valsione	both	
グランゾン	Granzon	both	
ネオ・グランゾン	Neo Granzon	OGG	
サイバスター	Cybuster	both	
サイバード	Cybird	both	
グルンガスト零式	Grungust Type 0	both	
グルンガスト	Grungust	both	
ウィングガスト	Wing Gust	both	
ガストランダー	Gust Lander	both	
グルンガスト弐号機	Grungust Unit 2	both	OGG Mech List "Grungust Nigouki"
グルンガスト弐式	Grungust Type 2	both	OGG Mech List "Grungust Nishiki"
Gホーク	G-Hawk	both	
グルンガスト参式	Grungust Type 3	both	OGG Mech List "Grungust Sanshiki"
Gラプター	G-Raptor	both	
Gバイソン	G-Bison	both	
ダイゼンガー	DyGenGuar	both	Akurasu also "Dygenguar"; Combination page "DaiGenGuar"
アウセンザイター	Aussenseiter	both	
龍虎王	RyuKoOh	both	
虎龍王	KoRyuOh	both	
ジガンスクード	Giganscudo	OGs	
ジガンスクード・ドゥロ	Giganscudo Duro	both	
ジガンスパーダ	Giganspada	both	
量産型ジガンスパーダ	Mass-Production Giganspada	both	
コンパチブルカイザー	Compatible Kaiser	both	camd11 OGG dialogue uses "Compatikaiser" as nickname
Gコンパチブルカイザー	G-Compatible Kaiser	OGG	
Gサンダーゲート	G-Thundergate	OGG	Akurasu Units List "G Thundergate"
ファイター・ロア	Fighter Roar	both	
アージェント・ファイター	Argent Fighter	both	Excellence core
アージェント・ヘッド	Argent Head	both	
エクサランス・ストライカー	Excellence Striker	both	
エクサランス・フライヤー	Excellence Flyer	both	
エクサランス・コスモドライバー	Excellence Cosmo-Driver	both	
エクサランス・ライトニング	Excellence Lightning	OGG	
エクサランス・エターナル	Excellence Eternal	OGG	
ソウルゲイン	Soulgain	both	
アンジュルグ	Angelg	both	
アシュセイヴァー	Ashsaviour	both	Full Upgrade page "Aschenretter"
量産型アシュセイヴァー	Mass-Production Ashsaviour	OGs	
ヴァイスセイヴァー	Weisssaviour	OGs	
ヴァイサーガ	Vaisaga	both	
ランドグリーズ	Randgriz	both	Units List "Randgrid"
ランドグリーズ・レイブン	Randgriz Raven	both	
ラーズアングリフ	Razangriff	both	Units List "Laz Angriff"
ラーズアングリフ・レイブン	Razangriff Raven	both	
エルアインス	R-Eins	OGs	
ツヴァイザーゲイン	Zweizergain	OGs	
トライロバイト	Trilobite	OGs	
ラピエサージュ	Rapiecage	OGs	
スレードゲルミル	Thrudgelmir	OGs	Akurasu Mech List "Thrudgelmir"; Pilot DB "Sladegelmir"
ベルゲルミル	Bergelmir	OGs	
量産型ベルゲルミル	Mass-Production Bergelmir	OGs	
ヤルダバオト	Ialdabaoth	both	Twin page "Jaldabaoth"
ヤルダバオト（神化）	Ialdabaoth (Shinka)	OGG	Flow Chart/Max Upgrade "Apotheosized Ialdabaoth"
ビレフォール	Valefor	both	Max Upgrade page "Bylefol"
アガレス	Agares	both	
ボフリィ	Bofry	OGG	Shura
ハルパス	Halphas	OGG	Shura
フラウス	Flaus	OGG	Shura
アンドラス	Andras	OGG	Shura
ペイリネス	Peirines	OGG	Shura
マルディクト	Maldict	OGG	Shura
グラシャラボラス	Glasyalabolas	OGG	Shura
エクスティム	Extim	OGG	Shura boss
ラハ・エクスティム	Raha Extim	OGG	
グリモア	Gremor	OGG	Akurasu Units List "Gremor"
シトリー	Sitri	OGG	
ヒュポクリシス	Hypocrisis	both	Enemy DB "Hypocrisis"; Units List "Hypokrisis"
エレオス	Eleos	both	Max Upgrade page "Elios"
テュガテール	Teugatel	both	Enemy DB "Teugatel"; Units List "Thugater"
デュミナス・プロートン	Duminas Proton	both	
デュミナス・トリトン	Duminas Triton	OGG	
デュミナス・デウテロン	Duminas Deuteron	OGG	Units List
ミロンガ	Mironga	both	
バルトール	Bartoll	both	
ウェンディゴ	Wendigo	OGG	
量産型ウェンディゴ	Mass-Production Wendigo	OGG	
フラットフィッシュ	Flatfish	OGG	
タッドポール	Tadpole	OGG	
鋳人	Ijin	OGG	
ソーディアンズガード	Swordian's Guard	OGG	Flow Chart "Swordian Guards"
ソーディアンズダガー	Swordian's Dagger	OGG	
フロンス	Frons	OGG	MX
テルグム	Tergum	OGG	MX
ダークブレイン	Dark Brain	OGG	Two forms
ハガネ	Hagane	both	Battleship
クロガネ	Kurogane	both	
シロガネ	Shirogane	OGs	
ヒリュウ改	Hiryu Custom	both	Akurasu OGs Mech List "Hiryu Custom"/"Hiryuu Custom"; OGG Mech List "Hiryuu Kai" (see gaps.md)
タウゼントフェスラー	Tausendfuessler	both	Skill Point page "Tausendfussler"
レイディバード	Ladybird	both	
キラーホエール	Killer Whale	both	
キラーホエールDS	Killer Whale DS	OGs	
ペレグリン	Peregrine	OGs	
ストーク	Stork	OGs	
グレイストーク	Grey Stork	OGs	
アルバトロス	Albatross	OGs	
グレートアーク	Great Ark	OGs	
マハト	Macht	OGs	
ライノセラス	Rhinoceros	OGs	
F-28メッサー	F-28 Messer	both	
SF-29ランゼン	SF-29 Rangzen	OGs	
SF-29Vランゼン改	SF-29V Rangzen Custom	OGs	Akurasu Mech List "Rangzen Custom"/"Rangzen Kai"
F-32シュヴェールト	F-32 Schwert	both	
F-32Vシュヴェールト改	F-32V Schwert Custom	both	Akurasu OGs "Schwert Custom"; OGG/Full Upgrade "Schwert Kai" (see gaps.md)
ソルプレッサ	A-12 Sorpresa	both	
フュルギア	MHT-27 Fylgia	both	Units List "Fylgja"
71式戦車バルドング	Type-71 Tank Waldung	OGs	
81式PTキャリア	Type-81 PT Carrier	both	
M-ADATS	M-ADATS	OGs	
大型ミサイル	Large Missile	OGs	
核ミサイル	Nuclear Missile	OGs	
ガロイカ	Garoika	both	Inspector
ガロイカ・デグ	Garoika Deg	both	
ガロイカ・ナイ	Garoika Nai	both	
ガンセクト	Gunsect	both	
グレイターキン	Greytarkin	OGs	Akurasu OGs Mech List "Greytarkin"; Pilot DB "Graterkin"; Units List "Greaterkin"; Skill Point "Greater Kin"
ガルガウ	Galgau	OGs	
シルベルヴィント	Silberwind	OGs	Enemy DB "Silbelwind"; Skill Point "Silverwind"
ドルーキン	Drukin	OGs	
ディカステス	Dikastes	OGs	Enemy DB "Dikastis"
メギロート	Megillot	OGs	Aerogator
メギロート・アフ	Megillot Ach	OGs	
イルメヤ	Yirmeyah	OGs	
イルメヤ・アフ	Yirmeyah Ach	OGs	
ミシュレイ	Mishlei	OGs	
ミシュレイ・アフ	Mishlei Ach	OGs	
フーレ	Huleh	OGs	
ゼカリア	Zechariah	OGs	
ハバクク	Habakkuk	OGs	
エゼキエル	Ezekiel	OGs	
エゼキエル・ラヴァン	Ezekiel Ravan	OGs	Enemy DB "Lavan"
エゼキエル・アドム	Ezekiel Adom	OGs	
エゼキエル・サゴル	Ezekiel Sagol	OGs	
ヴァイクル	Vayikra	OGs	Units List "Vayyikra"; Skill Point "Vaikule"
ヴァイクル・ベン	Vayikra Ben	OGs	
ジュデッカ	Judecca	OGs	
セプタギン	Septuagint	OGs	
アインストアイゼン	Einsteisen	both	
アインストクノッヘン	Einst Knochen	both	
アインストグリート	Einst Glied	both	
アインストゲミュート	Einst Gemut	both	Units List "Einst Gemüt"
アインストレジセイア	Einst Regisseur	both	
ペルゼイン・リヒカイト	Personlichkeit	both	Akurasu also "Persoenlichkeit"/"Persönlichkeit"
シュテルン・ノイレジセイア	Stern Neu Regisseur	OGs	
イェッツトクノッヘン	Jetzt Knochen	OGG	
イェッツトグリート	Jetzt Glied	OGG	
イェッツトレジセイア	Jetzt Regisseur	OGG	
